trun,c,ELp,value,scenario
2015,ksa,Steam,25.339199999999998,A
2015,ksa,GT,35.86,A
2015,ksa,CC,10.04,A
2015,ksa,PV,0.016,A
2015,ksa,Cogen,9.392000000000001,A
2015,uae,GT,5.702999999999999,A
2015,uae,CC,2.38,A
2015,uae,PV,0.01,A
2015,uae,CSP,0.05,A
2015,uae,Cogen,20.57,A
2015,qat,GT,1.2515,A
2015,qat,CC,2.007,A
2015,qat,Cogen,6.184,A
2015,kuw,PV,0.01,A
2015,kuw,Cogen,18.259,A
2015,bah,Steam,1.302,A
2015,bah,GT,1.629,A
2015,bah,CC,1.94,A
2015,bah,Cogen,0.28200000000000003,A
2015,omn,CC,4.957,A
2015,omn,Cogen,2.466,A
2016,ksa,Steam,25.339199999999998,A
2016,ksa,GT,35.619,A
2016,ksa,CC,10.04,A
2016,ksa,PV,0.015858,A
2016,ksa,Cogen,14.692000000000002,A
2016,uae,GT,5.702999999999999,A
2016,uae,CC,2.38,A
2016,uae,PV,0.00991,A
2016,uae,CSP,0.05,A
2016,uae,Cogen,20.57,A
2016,qat,GT,1.3285041077608222,A
2016,qat,CC,2.007,A
2016,qat,Cogen,6.184,A
2016,kuw,PV,0.00991,A
2016,kuw,Cogen,18.259,A
2016,bah,Steam,1.302,A
2016,bah,GT,1.629,A
2016,bah,CC,1.94,A
2016,bah,Cogen,0.28200000000000003,A
2016,omn,CC,4.957,A
2016,omn,Cogen,2.466,A
2017,ksa,Steam,29.719199999999997,A
2017,ksa,GT,35.187,A
2017,ksa,CC,13.966999999999999,A
2017,ksa,PV,0.015717268,A
2017,ksa,Cogen,17.442000000000004,A
2017,uae,GT,6.077777517450235,A
2017,uae,CC,2.7199999999999998,A
2017,uae,PV,0.009820810000000001,A
2017,uae,CSP,0.05,A
2017,uae,Cogen,20.57,A
2017,qat,GT,1.3285041077608222,A
2017,qat,CC,2.007,A
2017,qat,Cogen,7.784,A
2017,kuw,PV,0.009820810000000001,A
2017,kuw,Cogen,18.259,A
2017,bah,Steam,1.302,A
2017,bah,GT,1.629,A
2017,bah,CC,1.94,A
2017,bah,Cogen,0.28200000000000003,A
2017,omn,CC,5.077999999999999,A
2017,omn,Cogen,2.466,A
2018,ksa,Steam,33.3592,A
2018,ksa,GT,34.650999999999996,A
2018,ksa,CC,13.966999999999999,A
2018,ksa,PV,0.015577792638,A
2018,ksa,Cogen,14.741999999999999,A
2018,uae,GT,7.14680933493698,A
2018,uae,CC,2.7199999999999998,A
2018,uae,PV,0.00973242271,A
2018,uae,CSP,0.05,A
2018,uae,Cogen,20.57,A
2018,qat,GT,1.3285041077608222,A
2018,qat,CC,2.007,A
2018,qat,Cogen,8.608,A
2018,kuw,PV,0.00973242271,A
2018,kuw,Cogen,19.787,A
2018,bah,Steam,1.302,A
2018,bah,GT,1.629,A
2018,bah,CC,1.94,A
2018,bah,Cogen,0.28200000000000003,A
2018,omn,CC,5.077999999999999,A
2018,omn,Cogen,2.466,A
2019,ksa,Steam,33.7512,A
2019,ksa,GT,34.65043960717957,A
2019,ksa,CC,16.027,A
2019,ksa,PV,0.015439562654008001,A
2019,ksa,Cogen,14.741999999999999,A
2019,uae,GT,7.14680933493698,A
2019,uae,CC,3.96,A
2019,uae,PV,0.00964483090561,A
2019,uae,CSP,0.05,A
2019,uae,Cogen,20.57,A
2019,qat,GT,1.3405361604707817,A
2019,qat,CC,2.007,A
2019,qat,Cogen,7.796,A
2019,kuw,PV,0.00964483090561,A
2019,kuw,Cogen,19.023,A
2019,bah,Steam,1.302,A
2019,bah,GT,1.629,A
2019,bah,CC,1.94,A
2019,bah,Cogen,0.28200000000000003,A
2019,omn,CC,5.077999999999999,A
2019,omn,Cogen,2.466,A
2020,ksa,Steam,33.7512,A
2020,ksa,GT,30.24943960717957,A
2020,ksa,CC,17.531,A
2020,ksa,CCcon,5.3790000000000004,A
2020,ksa,PV,0.01530256688912318,A
2020,ksa,Cogen,14.741999999999999,A
2020,uae,GT,8.190602575912955,A
2020,uae,CC,3.96,A
2020,uae,CCcon,0.10545,A
2020,uae,PV,0.00955802742745951,A
2020,uae,CSP,0.05,A
2020,uae,Cogen,20.57,A
2020,qat,GT,1.6764562512678824,A
2020,qat,CC,2.007,A
2020,qat,CCcon,0.13125,A
2020,qat,Cogen,7.796,A
2020,kuw,PV,0.00955802742745951,A
2020,kuw,Cogen,19.622999999999998,A
2020,bah,Steam,1.302,A
2020,bah,GT,1.629,A
2020,bah,CC,1.94,A
2020,bah,Cogen,0.28200000000000003,A
2020,omn,CC,8.347,A
2020,omn,Cogen,2.466,A
2021,ksa,Steam,33.7512,A
2021,ksa,GT,29.97843960717957,A
2021,ksa,CC,24.551000000000002,A
2021,ksa,CCcon,5.3790000000000004,A
2021,ksa,PV,0.015166794284627314,A
2021,ksa,Cogen,14.741999999999999,A
2021,uae,GT,8.190602575912955,A
2021,uae,CC,3.96,A
2021,uae,CCcon,0.10545,A
2021,uae,Nuclear,5.6,A
2021,uae,PV,0.009472005180612374,A
2021,uae,CSP,0.05,A
2021,uae,Cogen,20.57,A
2021,qat,Steam,0.4815937783115709,A
2021,qat,GT,1.6764562512678824,A
2021,qat,CC,2.007,A
2021,qat,CCcon,0.13125,A
2021,qat,Cogen,7.796,A
2021,kuw,PV,0.009472005180612374,A
2021,kuw,Cogen,24.609302193370933,A
2021,bah,Steam,1.302,A
2021,bah,GT,1.629,A
2021,bah,CC,1.94,A
2021,bah,Cogen,0.28200000000000003,A
2021,omn,CC,8.347,A
2021,omn,Cogen,2.466,A
2022,ksa,Steam,33.7512,A
2022,ksa,GT,29.97843960717957,A
2022,ksa,CC,29.951,A
2022,ksa,CCcon,5.3790000000000004,A
2022,ksa,PV,0.01503223388108438,A
2022,ksa,Cogen,14.741999999999999,A
2022,uae,GT,8.190602575912955,A
2022,uae,CC,3.96,A
2022,uae,CCcon,0.10545,A
2022,uae,CoalSteam,1.8,A
2022,uae,Nuclear,5.6,A
2022,uae,PV,0.009386757133986862,A
2022,uae,CSP,0.05,A
2022,uae,Cogen,20.57,A
2022,qat,Steam,0.4815937783115709,A
2022,qat,GT,1.6764562512678824,A
2022,qat,CC,2.4083281485929278,A
2022,qat,CCcon,0.13125,A
2022,qat,Cogen,7.796,A
2022,kuw,PV,0.009386757133986862,A
2022,kuw,Cogen,28.209302193370934,A
2022,bah,Steam,1.302,A
2022,bah,GT,1.629,A
2022,bah,CC,1.94,A
2022,bah,Cogen,0.28200000000000003,A
2022,omn,CC,8.847,A
2022,omn,Cogen,2.466,A
2023,ksa,Steam,33.7512,A
2023,ksa,GT,29.97843960717957,A
2023,ksa,CC,29.951,A
2023,ksa,CCcon,5.3790000000000004,A
2023,ksa,PV,0.01489887481744824,A
2023,ksa,Cogen,14.741999999999999,A
2023,uae,GT,8.190602575912955,A
2023,uae,CC,3.96,A
2023,uae,CCcon,0.10545,A
2023,uae,CoalSteam,1.8,A
2023,uae,Nuclear,5.6,A
2023,uae,PV,0.009302276319780981,A
2023,uae,CSP,0.05,A
2023,uae,Cogen,20.57,A
2023,qat,Steam,0.4815937783115709,A
2023,qat,GT,1.6764562512678824,A
2023,qat,CC,2.9701875566230944,A
2023,qat,CCcon,0.13125,A
2023,qat,Cogen,7.796,A
2023,kuw,PV,0.009302276319780981,A
2023,kuw,Cogen,26.40930219337093,A
2023,bah,Steam,1.302,A
2023,bah,GT,1.629,A
2023,bah,CC,1.94,A
2023,bah,Cogen,0.28200000000000003,A
2023,omn,CC,9.547,A
2023,omn,Cogen,2.466,A
2024,ksa,Steam,33.7512,A
2024,ksa,GT,29.97843960717957,A
2024,ksa,CC,29.951,A
2024,ksa,CCcon,5.3790000000000004,A
2024,ksa,PV,0.014766706330178358,A
2024,ksa,Cogen,14.741999999999999,A
2024,uae,GT,8.190602575912955,A
2024,uae,CC,3.96,A
2024,uae,CCcon,0.10545,A
2024,uae,CoalSteam,4.2,A
2024,uae,Nuclear,5.6,A
2024,uae,PV,0.009218555832902953,A
2024,uae,CSP,0.05,A
2024,uae,Cogen,20.57,A
2024,qat,Steam,0.4815937783115709,A
2024,qat,GT,1.6764562512678824,A
2024,qat,CC,3.5320469646532637,A
2024,qat,CCcon,0.13125,A
2024,qat,Cogen,7.796,A
2024,kuw,PV,0.009218555832902953,A
2024,kuw,Cogen,27.01659461945007,A
2024,bah,Steam,1.302,A
2024,bah,GT,1.629,A
2024,bah,CC,1.94,A
2024,bah,Cogen,0.28200000000000003,A
2024,omn,CC,9.547,A
2024,omn,Cogen,2.466,A
2025,ksa,Steam,33.7512,A
2025,ksa,GT,29.97843960717957,A
2025,ksa,CC,29.951,A
2025,ksa,CCcon,5.3790000000000004,A
2025,ksa,PV,0.014635717752363468,A
2025,ksa,Cogen,14.741999999999999,A
2025,uae,GT,8.190602575912955,A
2025,uae,CC,3.96,A
2025,uae,CCcon,0.10545,A
2025,uae,CoalSteam,4.2,A
2025,uae,Nuclear,5.6,A
2025,uae,PV,0.009135588830406827,A
2025,uae,CSP,0.05,A
2025,uae,Cogen,20.57,A
2025,qat,Steam,0.4815937783115709,A
2025,qat,GT,1.6764562512678824,A
2025,qat,CC,4.093906372683409,A
2025,qat,CCcon,0.13125,A
2025,qat,Cogen,7.796,A
2025,kuw,PV,0.009135588830406827,A
2025,kuw,Cogen,27.93617837624566,A
2025,bah,Steam,1.302,A
2025,bah,GT,1.629,A
2025,bah,CC,1.94,A
2025,bah,Cogen,0.28200000000000003,A
2025,omn,CC,9.547,A
2025,omn,Cogen,2.466,A
2026,ksa,Steam,33.7512,A
2026,ksa,GT,29.97843960717957,A
2026,ksa,CC,29.951,A
2026,ksa,CCcon,5.3790000000000004,A
2026,ksa,PV,0.014505898512853128,A
2026,ksa,Cogen,14.741999999999999,A
2026,uae,GT,8.190602575912955,A
2026,uae,CC,3.96,A
2026,uae,CCcon,0.10545,A
2026,uae,CoalSteam,4.2,A
2026,uae,Nuclear,5.6,A
2026,uae,PV,0.009053368530933165,A
2026,uae,CSP,0.05,A
2026,uae,Cogen,20.57,A
2026,qat,Steam,0.4815937783115709,A
2026,qat,GT,1.6764562512678824,A
2026,qat,CC,4.655765780713557,A
2026,qat,CCcon,0.13125,A
2026,qat,Cogen,7.796,A
2026,kuw,PV,0.009053368530933165,A
2026,kuw,Cogen,28.855762130091133,A
2026,bah,Steam,1.302,A
2026,bah,GT,1.629,A
2026,bah,CC,1.94,A
2026,bah,Cogen,0.28200000000000003,A
2026,omn,CC,9.547,A
2026,omn,Cogen,2.466,A
2027,ksa,Steam,33.7512,A
2027,ksa,GT,29.97843960717957,A
2027,ksa,CC,31.214156244172635,A
2027,ksa,CCcon,5.3790000000000004,A
2027,ksa,PV,0.014377238135397076,A
2027,ksa,Cogen,14.741999999999999,A
2027,uae,Steam,9.654429097196055e-08,A
2027,uae,GT,8.190602575912955,A
2027,uae,CC,3.97120270763861,A
2027,uae,CCcon,0.10545,A
2027,uae,CoalSteam,4.2000004942079,A
2027,uae,Nuclear,5.6,A
2027,uae,PV,0.008971888214154766,A
2027,uae,CSP,0.05,A
2027,uae,Cogen,20.57,A
2027,qat,Steam,0.4815937783115709,A
2027,qat,GT,1.6764562512678824,A
2027,qat,CC,5.297890818462287,A
2027,qat,CCcon,0.13125,A
2027,qat,Cogen,7.796,A
2027,kuw,PV,0.008971888214154766,A
2027,kuw,Cogen,29.906714992044186,A
2027,bah,Steam,1.302,A
2027,bah,GT,1.629,A
2027,bah,CC,1.94,A
2027,bah,Cogen,0.28200000000000003,A
2027,omn,CC,9.547,A
2027,omn,Cogen,2.466,A
2028,ksa,Steam,33.7512,A
2028,ksa,GT,29.97843960717957,A
2028,ksa,CC,37.19420065411718,A
2028,ksa,CCcon,5.3790000000000004,A
2028,ksa,PV,0.01424972623779233,A
2028,ksa,Cogen,14.741999999999999,A
2028,uae,Steam,9.654429097196055e-08,A
2028,uae,GT,8.190602575912955,A
2028,uae,CC,4.372547603283535,A
2028,uae,CCcon,0.10545,A
2028,uae,CoalSteam,4.2000004942079,A
2028,uae,Nuclear,5.6,A
2028,uae,PV,0.008891141220227373,A
2028,uae,CSP,0.05,A
2028,uae,Cogen,20.57,A
2028,qat,Steam,0.4815937783115709,A
2028,qat,GT,1.6764562512678824,A
2028,qat,CC,5.940015856211041,A
2028,qat,CCcon,0.13125,A
2028,qat,Cogen,7.796,A
2028,kuw,PV,0.008891141220227373,A
2028,kuw,Cogen,30.957667853997435,A
2028,bah,Steam,1.302,A
2028,bah,GT,1.629,A
2028,bah,CC,2.0265550792660174,A
2028,bah,Cogen,0.28200000000000003,A
2028,omn,CC,9.547,A
2028,omn,Cogen,2.466,A
2029,ksa,Steam,33.7512,A
2029,ksa,GT,29.97843960717957,A
2029,ksa,CC,42.334062163938974,A
2029,ksa,CCcon,5.3790000000000004,A
2029,ksa,PV,0.014123352531037959,A
2029,ksa,Cogen,14.741999999999999,A
2029,uae,Steam,9.654429097196055e-08,A
2029,uae,GT,8.190602575912955,A
2029,uae,CC,5.0604565546923155,A
2029,uae,CCcon,0.10545,A
2029,uae,CoalSteam,4.2000004942079,A
2029,uae,Nuclear,5.6,A
2029,uae,PV,0.008811120949245327,A
2029,uae,CSP,0.05,A
2029,uae,Cogen,20.57,A
2029,qat,Steam,0.4815937783115709,A
2029,qat,GT,1.6764562512678824,A
2029,qat,CC,6.662406523678386,A
2029,qat,CCcon,0.13125,A
2029,qat,Cogen,7.796,A
2029,kuw,PV,0.008811120949245327,A
2029,kuw,Cogen,32.139989823694016,A
2029,bah,Steam,1.302,A
2029,bah,GT,1.629,A
2029,bah,CC,2.1464852379896557,A
2029,bah,Cogen,0.28200000000000003,A
2029,omn,CC,9.547,A
2029,omn,Cogen,2.466,A
2030,ksa,Steam,33.7512,A
2030,ksa,GT,29.97843960717957,A
2030,ksa,CC,47.72444831874879,A
2030,ksa,CCcon,5.3790000000000004,A
2030,ksa,PV,0.013998106818497447,A
2030,ksa,Cogen,14.741999999999999,A
2030,uae,Steam,9.654429097196055e-08,A
2030,uae,GT,8.190602575912955,A
2030,uae,CC,5.480379759381977,A
2030,uae,CCcon,0.10545,A
2030,uae,CoalSteam,4.2000004942079,A
2030,uae,Nuclear,5.6,A
2030,uae,PV,0.008731820860702118,A
2030,uae,CSP,0.05,A
2030,uae,Cogen,20.57,A
2030,qat,Steam,0.4815937783115709,A
2030,qat,GT,1.6764562512678824,A
2030,qat,CC,7.384797191145711,A
2030,qat,CCcon,0.13125,A
2030,qat,Cogen,7.796,A
2030,kuw,PV,0.008731820860702118,A
2030,kuw,Cogen,33.32231179338945,A
2030,bah,Steam,1.302,A
2030,bah,GT,1.629,A
2030,bah,CC,2.2864037565006923,A
2030,bah,Cogen,0.28200000000000003,A
2030,omn,CC,9.547,A
2030,omn,Cogen,2.466,A
2015,ksa,Steam,25.339199999999998,B
2015,ksa,GT,35.86,B
2015,ksa,CC,10.04,B
2015,ksa,PV,0.016,B
2015,ksa,Cogen,9.392000000000001,B
2015,uae,GT,5.702999999999999,B
2015,uae,CC,2.38,B
2015,uae,PV,0.01,B
2015,uae,CSP,0.05,B
2015,uae,Cogen,20.57,B
2015,qat,GT,1.2515,B
2015,qat,CC,2.007,B
2015,qat,Cogen,6.184,B
2015,kuw,PV,0.01,B
2015,kuw,Cogen,18.259,B
2015,bah,Steam,1.302,B
2015,bah,GT,1.629,B
2015,bah,CC,1.94,B
2015,bah,Cogen,0.28200000000000003,B
2015,omn,CC,4.957,B
2015,omn,Cogen,2.466,B
2016,ksa,Steam,25.339199999999998,B
2016,ksa,GT,35.619,B
2016,ksa,CC,10.04,B
2016,ksa,PV,0.015858,B
2016,ksa,Cogen,14.692000000000002,B
2016,uae,GT,5.702999999999999,B
2016,uae,CC,2.38,B
2016,uae,PV,0.00991,B
2016,uae,CSP,0.05,B
2016,uae,Cogen,20.57,B
2016,qat,GT,1.3285041077608222,B
2016,qat,CC,2.007,B
2016,qat,Cogen,6.184,B
2016,kuw,PV,0.00991,B
2016,kuw,Cogen,18.259,B
2016,bah,Steam,1.302,B
2016,bah,GT,1.629,B
2016,bah,CC,1.94,B
2016,bah,Cogen,0.28200000000000003,B
2016,omn,CC,4.957,B
2016,omn,Cogen,2.466,B
2017,ksa,Steam,29.719199999999997,B
2017,ksa,GT,35.187,B
2017,ksa,CC,13.966999999999999,B
2017,ksa,PV,0.015717268,B
2017,ksa,Cogen,17.442000000000004,B
2017,uae,GT,6.077777517450235,B
2017,uae,CC,2.7199999999999998,B
2017,uae,PV,0.009820810000000001,B
2017,uae,CSP,0.05,B
2017,uae,Cogen,20.57,B
2017,qat,GT,1.3285041077608222,B
2017,qat,CC,2.007,B
2017,qat,Cogen,7.784,B
2017,kuw,PV,0.009820810000000001,B
2017,kuw,Cogen,18.259,B
2017,bah,Steam,1.302,B
2017,bah,GT,1.629,B
2017,bah,CC,1.94,B
2017,bah,Cogen,0.28200000000000003,B
2017,omn,CC,5.077999999999999,B
2017,omn,Cogen,2.466,B
2018,ksa,Steam,33.3592,B
2018,ksa,GT,34.650999999999996,B
2018,ksa,CC,13.966999999999999,B
2018,ksa,PV,0.015577792638,B
2018,ksa,Cogen,14.741999999999999,B
2018,uae,GT,7.14680933493698,B
2018,uae,CC,2.7199999999999998,B
2018,uae,PV,0.00973242271,B
2018,uae,CSP,0.05,B
2018,uae,Cogen,20.57,B
2018,qat,GT,1.3285041077608222,B
2018,qat,CC,2.007,B
2018,qat,Cogen,8.608,B
2018,kuw,PV,0.00973242271,B
2018,kuw,Cogen,19.787,B
2018,bah,Steam,1.302,B
2018,bah,GT,1.629,B
2018,bah,CC,1.94,B
2018,bah,Cogen,0.28200000000000003,B
2018,omn,CC,5.077999999999999,B
2018,omn,Cogen,2.466,B
2019,ksa,Steam,33.7512,B
2019,ksa,GT,34.650439607179436,B
2019,ksa,CC,16.027,B
2019,ksa,PV,0.015439562654008001,B
2019,ksa,Cogen,14.741999999999999,B
2019,uae,GT,7.14680933493698,B
2019,uae,CC,3.96,B
2019,uae,PV,0.00964483090561,B
2019,uae,CSP,0.05,B
2019,uae,Cogen,20.57,B
2019,qat,GT,1.3405361604707928,B
2019,qat,CC,2.007,B
2019,qat,Cogen,7.796,B
2019,kuw,PV,0.00964483090561,B
2019,kuw,Cogen,19.023,B
2019,bah,Steam,1.302,B
2019,bah,GT,1.629,B
2019,bah,CC,1.94,B
2019,bah,Cogen,0.28200000000000003,B
2019,omn,CC,5.077999999999999,B
2019,omn,Cogen,2.466,B
2020,ksa,Steam,33.7512,B
2020,ksa,GT,30.249439607179433,B
2020,ksa,CC,17.531,B
2020,ksa,CCcon,5.3790000000000004,B
2020,ksa,PV,0.01530256688912318,B
2020,ksa,Cogen,14.741999999999999,B
2020,uae,GT,8.190602574117387,B
2020,uae,CC,3.96,B
2020,uae,CCcon,0.10545,B
2020,uae,PV,0.00955802742745951,B
2020,uae,CSP,0.05,B
2020,uae,Cogen,20.57,B
2020,qat,GT,1.7685146637938072,B
2020,qat,CC,2.007,B
2020,qat,CCcon,0.13125,B
2020,qat,Cogen,7.796,B
2020,kuw,PV,0.00955802742745951,B
2020,kuw,Cogen,19.622999999999998,B
2020,bah,Steam,1.302,B
2020,bah,GT,1.629,B
2020,bah,CC,1.94,B
2020,bah,Cogen,0.28200000000000003,B
2020,omn,CC,8.347,B
2020,omn,Cogen,2.466,B
2021,ksa,Steam,33.7512,B
2021,ksa,GT,29.978439607179432,B
2021,ksa,CC,24.551000000000002,B
2021,ksa,CCcon,5.3790000000000004,B
2021,ksa,PV,0.015166794284627314,B
2021,ksa,Cogen,14.741999999999999,B
2021,uae,GT,8.190602574117387,B
2021,uae,CC,3.96,B
2021,uae,CCcon,0.10545,B
2021,uae,Nuclear,5.6,B
2021,uae,PV,0.009472005180612374,B
2021,uae,CSP,0.05,B
2021,uae,Cogen,20.57,B
2021,qat,Steam,1.1291320664068696,B
2021,qat,GT,1.7685146637938072,B
2021,qat,CC,2.007,B
2021,qat,CCcon,0.13125,B
2021,qat,Cogen,7.796,B
2021,kuw,PV,0.009472005180612374,B
2021,kuw,Cogen,26.93354292154905,B
2021,bah,Steam,1.302,B
2021,bah,GT,1.629,B
2021,bah,CC,1.94,B
2021,bah,Cogen,0.28200000000000003,B
2021,omn,CC,8.347,B
2021,omn,Cogen,2.466,B
2022,ksa,Steam,33.7512,B
2022,ksa,GT,29.978439607179432,B
2022,ksa,CC,29.951,B
2022,ksa,CCcon,5.3790000000000004,B
2022,ksa,PV,0.01503223388108438,B
2022,ksa,Cogen,14.741999999999999,B
2022,uae,GT,8.190602574117387,B
2022,uae,CC,3.96,B
2022,uae,CCcon,0.10545,B
2022,uae,CoalSteam,1.8,B
2022,uae,Nuclear,5.6,B
2022,uae,PV,0.009386757133986862,B
2022,uae,CSP,0.05,B
2022,uae,Cogen,20.57,B
2022,qat,Steam,1.1291320664068696,B
2022,qat,GT,1.7685146637938072,B
2022,qat,CC,2.975481367891588,B
2022,qat,CCcon,0.13125,B
2022,qat,Cogen,7.796,B
2022,kuw,PV,0.009386757133986862,B
2022,kuw,Cogen,30.533542921549053,B
2022,bah,Steam,1.302,B
2022,bah,GT,1.629,B
2022,bah,CC,1.94,B
2022,bah,Cogen,0.28200000000000003,B
2022,omn,CC,8.847,B
2022,omn,Cogen,2.466,B
2023,ksa,Steam,33.7512,B
2023,ksa,GT,29.978439607179432,B
2023,ksa,CC,29.951,B
2023,ksa,CCcon,5.3790000000000004,B
2023,ksa,PV,0.01489887481744824,B
2023,ksa,Cogen,14.741999999999999,B
2023,uae,GT,8.190602574117387,B
2023,uae,CC,3.96,B
2023,uae,CCcon,0.10545,B
2023,uae,CoalSteam,1.8,B
2023,uae,Nuclear,5.6,B
2023,uae,PV,0.009302276319780981,B
2023,uae,CSP,0.05,B
2023,uae,Cogen,20.57,B
2023,qat,Steam,1.1291320664068696,B
2023,qat,GT,1.7685146637938072,B
2023,qat,CC,3.463557353122187,B
2023,qat,CCcon,0.13125,B
2023,qat,Cogen,7.796,B
2023,kuw,PV,0.009302276319780981,B
2023,kuw,Cogen,28.73354292154905,B
2023,bah,Steam,1.302,B
2023,bah,GT,1.629,B
2023,bah,CC,1.94,B
2023,bah,Cogen,0.28200000000000003,B
2023,omn,CC,9.547,B
2023,omn,Cogen,2.466,B
2024,ksa,Steam,33.7512,B
2024,ksa,GT,29.978439607179432,B
2024,ksa,CC,29.951,B
2024,ksa,CCcon,5.3790000000000004,B
2024,ksa,PV,0.014766706330178358,B
2024,ksa,Cogen,14.741999999999999,B
2024,uae,GT,8.190602574117387,B
2024,uae,CC,3.96,B
2024,uae,CCcon,0.10545,B
2024,uae,CoalSteam,4.2,B
2024,uae,Nuclear,5.6,B
2024,uae,PV,0.009218555832902953,B
2024,uae,CSP,0.05,B
2024,uae,Cogen,20.57,B
2024,qat,Steam,1.1291320664068696,B
2024,qat,GT,1.7685146637938072,B
2024,qat,CC,3.8969260343221235,B
2024,qat,CCcon,0.13125,B
2024,qat,Cogen,7.796,B
2024,kuw,PV,0.009218555832902953,B
2024,kuw,Cogen,28.998719581590468,B
2024,bah,Steam,1.302,B
2024,bah,GT,1.629,B
2024,bah,CC,1.94,B
2024,bah,Cogen,0.28200000000000003,B
2024,omn,CC,9.547,B
2024,omn,Cogen,2.466,B
2025,ksa,Steam,33.7512,B
2025,ksa,GT,29.978439607179432,B
2025,ksa,CC,33.69205701655895,B
2025,ksa,CCcon,5.3790000000000004,B
2025,ksa,PV,0.014635717752363468,B
2025,ksa,Cogen,14.741999999999999,B
2025,uae,GT,8.190602574117387,B
2025,uae,CC,3.96,B
2025,uae,CCcon,0.10545,B
2025,uae,CoalSteam,4.2,B
2025,uae,Nuclear,5.6,B
2025,uae,PV,0.009135588830406827,B
2025,uae,CSP,0.05,B
2025,uae,Cogen,20.57,B
2025,qat,Steam,1.1291320664068696,B
2025,qat,GT,1.7685146637938072,B
2025,qat,CC,4.490976472264365,B
2025,qat,CCcon,0.13125,B
2025,qat,Cogen,7.796,B
2025,kuw,Nuclear,2.5158299883632713,B
2025,kuw,PV,0.009135588830406827,B
2025,kuw,Cogen,28.998719581590468,B
2025,bah,Steam,1.302,B
2025,bah,GT,1.629,B
2025,bah,CC,1.94,B
2025,bah,Cogen,0.28200000000000003,B
2025,omn,CC,9.547,B
2025,omn,Cogen,2.466,B
2026,ksa,Steam,33.7512,B
2026,ksa,GT,29.978439607179432,B
2026,ksa,CC,39.20343719856194,B
2026,ksa,CCcon,5.3790000000000004,B
2026,ksa,PV,0.014505898512853128,B
2026,ksa,Cogen,14.741999999999999,B
2026,uae,GT,8.190602574117387,B
2026,uae,CC,3.96,B
2026,uae,CCcon,0.10545,B
2026,uae,CoalSteam,4.2,B
2026,uae,Nuclear,5.6,B
2026,uae,PV,0.009053368530933165,B
2026,uae,CSP,0.05,B
2026,uae,Cogen,20.57,B
2026,qat,Steam,1.1291320664068696,B
2026,qat,GT,1.7685146637938072,B
2026,qat,CC,4.843000516516009,B
2026,qat,CCcon,0.13125,B
2026,qat,Cogen,7.796,B
2026,kuw,Nuclear,2.5158299883632713,B
2026,kuw,PV,0.009053368530933165,B
2026,kuw,Cogen,28.998719581590468,B
2026,bah,Steam,1.302,B
2026,bah,GT,1.629,B
2026,bah,CC,1.94,B
2026,bah,Cogen,0.28200000000000003,B
2026,omn,CC,9.547,B
2026,omn,Cogen,2.466,B
2027,ksa,Steam,33.7512,B
2027,ksa,GT,29.978439607179432,B
2027,ksa,CC,44.17886437685591,B
2027,ksa,CCcon,5.3790000000000004,B
2027,ksa,PV,0.014377238135397076,B
2027,ksa,Cogen,14.741999999999999,B
2027,uae,GT,8.190602574117387,B
2027,uae,CC,3.96,B
2027,uae,CCcon,0.10545,B
2027,uae,CoalSteam,4.2,B
2027,uae,Nuclear,5.6,B
2027,uae,PV,0.008971888214154766,B
2027,uae,CSP,0.05,B
2027,uae,Cogen,20.57,B
2027,qat,Steam,1.1291320664068696,B
2027,qat,GT,1.7685146637938072,B
2027,qat,CC,5.29789081846123,B
2027,qat,CCcon,0.13125,B
2027,qat,Cogen,7.796,B
2027,kuw,Nuclear,3.2407370192670317,B
2027,kuw,PV,0.008971888214154766,B
2027,kuw,Cogen,28.998719581590468,B
2027,bah,Steam,1.302,B
2027,bah,GT,1.629,B
2027,bah,CC,1.9983564032630792,B
2027,bah,Cogen,0.28200000000000003,B
2027,omn,CC,9.547,B
2027,omn,Cogen,2.466,B
2028,ksa,Steam,33.7512,B
2028,ksa,GT,29.978439607179432,B
2028,ksa,CC,52.607777421837156,B
2028,ksa,CCcon,5.3790000000000004,B
2028,ksa,PV,0.01424972623779233,B
2028,ksa,Cogen,14.741999999999999,B
2028,uae,GT,8.190602574117387,B
2028,uae,CC,4.372548433316778,B
2028,uae,CCcon,0.10545,B
2028,uae,CoalSteam,4.2,B
2028,uae,Nuclear,5.6,B
2028,uae,PV,0.008891141220227373,B
2028,uae,CSP,0.05,B
2028,uae,Cogen,20.57,B
2028,qat,Steam,1.1291320664068696,B
2028,qat,GT,1.7685146637938072,B
2028,qat,CC,5.940015856212447,B
2028,qat,CCcon,0.13125,B
2028,qat,Cogen,7.796,B
2028,kuw,Nuclear,3.3073175265678234,B
2028,kuw,PV,0.008891141220227373,B
2028,kuw,Cogen,28.998719581590468,B
2028,bah,Steam,1.302,B
2028,bah,GT,1.629,B
2028,bah,CC,2.138274921782695,B
2028,bah,Cogen,0.28200000000000003,B
2028,omn,CC,9.547,B
2028,omn,Cogen,2.466,B
2029,ksa,Steam,33.7512,B
2029,ksa,GT,29.978439607179432,B
2029,ksa,CC,60.869881281400396,B
2029,ksa,CCcon,5.3790000000000004,B
2029,ksa,PV,0.014123352531037959,B
2029,ksa,Cogen,14.741999999999999,B
2029,uae,GT,8.190602574117387,B
2029,uae,CC,5.559952618136226,B
2029,uae,CCcon,0.10545,B
2029,uae,CoalSteam,4.2,B
2029,uae,Nuclear,5.6,B
2029,uae,PV,0.008811120949245327,B
2029,uae,CSP,0.05,B
2029,uae,Cogen,20.57,B
2029,qat,Steam,1.1291320664068696,B
2029,qat,GT,1.7685146637938072,B
2029,qat,CC,6.662406523671374,B
2029,qat,CCcon,0.13125,B
2029,qat,Cogen,7.796,B
2029,kuw,Nuclear,4.153737360576649,B
2029,kuw,PV,0.008811120949245327,B
2029,kuw,Cogen,28.998719581590468,B
2029,bah,Steam,1.302,B
2029,bah,GT,1.629,B
2029,bah,CC,2.2582050804862526,B
2029,bah,Cogen,0.28200000000000003,B
2029,omn,CC,9.547,B
2029,omn,Cogen,2.466,B
2030,ksa,Steam,33.7512,B
2030,ksa,GT,29.978439607179432,B
2030,ksa,CC,64.55414511449352,B
2030,ksa,CCcon,5.3790000000000004,B
2030,ksa,PV,11.610667643632013,B
2030,ksa,Cogen,14.741999999999999,B
2030,uae,GT,8.190602574117387,B
2030,uae,CC,6.680541192440576,B
2030,uae,CCcon,0.10545,B
2030,uae,CoalSteam,4.2,B
2030,uae,Nuclear,5.6,B
2030,uae,PV,0.008731820860702118,B
2030,uae,CSP,0.05,B
2030,uae,Cogen,20.57,B
2030,qat,Steam,1.1291320664068696,B
2030,qat,GT,1.7685146637938072,B
2030,qat,CC,8.123126142739917,B
2030,qat,CCcon,0.13125,B
2030,qat,Cogen,7.796,B
2030,kuw,Nuclear,4.263522759226636,B
2030,kuw,PV,0.008731820860702118,B
2030,kuw,Cogen,29.248278944970913,B
2030,bah,Steam,1.302,B
2030,bah,GT,1.629,B
2030,bah,CC,2.398123599017297,B
2030,bah,Cogen,0.28200000000000003,B
2030,omn,CC,9.547,B
2030,omn,Cogen,2.466,B
2015,ksa,Steam,25.339199999999998,C
2015,ksa,GT,35.86,C
2015,ksa,CC,10.04,C
2015,ksa,PV,0.016,C
2015,ksa,Cogen,9.392000000000001,C
2015,uae,GT,5.702999999999999,C
2015,uae,CC,2.38,C
2015,uae,PV,0.01,C
2015,uae,CSP,0.05,C
2015,uae,Cogen,20.57,C
2015,qat,GT,1.2515,C
2015,qat,CC,2.007,C
2015,qat,Cogen,6.184,C
2015,kuw,PV,0.01,C
2015,kuw,Cogen,18.259,C
2015,bah,Steam,1.302,C
2015,bah,GT,1.629,C
2015,bah,CC,1.94,C
2015,bah,Cogen,0.28200000000000003,C
2015,omn,CC,4.957,C
2015,omn,Cogen,2.466,C
2016,ksa,Steam,25.339199999999998,C
2016,ksa,GT,35.619,C
2016,ksa,CC,10.04,C
2016,ksa,PV,0.015858,C
2016,ksa,Cogen,14.692000000000002,C
2016,uae,GT,5.702999999999999,C
2016,uae,CC,2.38,C
2016,uae,PV,0.00991,C
2016,uae,CSP,0.05,C
2016,uae,Cogen,20.57,C
2016,qat,GT,1.3285041077608222,C
2016,qat,CC,2.007,C
2016,qat,Cogen,6.184,C
2016,kuw,PV,0.00991,C
2016,kuw,Cogen,18.259,C
2016,bah,Steam,1.302,C
2016,bah,GT,1.629,C
2016,bah,CC,1.94,C
2016,bah,Cogen,0.28200000000000003,C
2016,omn,CC,4.957,C
2016,omn,Cogen,2.466,C
2017,ksa,Steam,29.719199999999997,C
2017,ksa,GT,35.187,C
2017,ksa,CC,13.966999999999999,C
2017,ksa,PV,0.015717268,C
2017,ksa,Cogen,17.442000000000004,C
2017,uae,GT,6.077777517450235,C
2017,uae,CC,2.7199999999999998,C
2017,uae,PV,0.009820810000000001,C
2017,uae,CSP,0.05,C
2017,uae,Cogen,20.57,C
2017,qat,GT,1.3285041077608222,C
2017,qat,CC,2.007,C
2017,qat,Cogen,7.784,C
2017,kuw,PV,0.009820810000000001,C
2017,kuw,Cogen,18.259,C
2017,bah,Steam,1.302,C
2017,bah,GT,1.629,C
2017,bah,CC,1.94,C
2017,bah,Cogen,0.28200000000000003,C
2017,omn,CC,5.077999999999999,C
2017,omn,Cogen,2.466,C
2018,ksa,Steam,33.3592,C
2018,ksa,GT,34.650999999999996,C
2018,ksa,CC,13.966999999999999,C
2018,ksa,PV,0.015577792638,C
2018,ksa,Cogen,14.741999999999999,C
2018,uae,GT,7.14680933493698,C
2018,uae,CC,2.7199999999999998,C
2018,uae,PV,0.00973242271,C
2018,uae,CSP,0.05,C
2018,uae,Cogen,20.57,C
2018,qat,GT,1.3285041077608222,C
2018,qat,CC,2.007,C
2018,qat,Cogen,8.608,C
2018,kuw,PV,0.00973242271,C
2018,kuw,Cogen,19.787,C
2018,bah,Steam,1.302,C
2018,bah,GT,1.629,C
2018,bah,CC,1.94,C
2018,bah,Cogen,0.28200000000000003,C
2018,omn,CC,5.077999999999999,C
2018,omn,Cogen,2.466,C
2019,ksa,Steam,33.7512,C
2019,ksa,GT,34.650439607179834,C
2019,ksa,CC,16.027,C
2019,ksa,PV,0.015439562654008001,C
2019,ksa,Cogen,14.741999999999999,C
2019,uae,GT,7.14680933493698,C
2019,uae,CC,3.96,C
2019,uae,PV,0.00964483090561,C
2019,uae,CSP,0.05,C
2019,uae,Cogen,20.57,C
2019,qat,GT,1.3285041077608222,C
2019,qat,CC,2.007,C
2019,qat,Cogen,7.796,C
2019,kuw,PV,0.00964483090561,C
2019,kuw,Cogen,19.023,C
2019,bah,Steam,1.302,C
2019,bah,GT,1.629,C
2019,bah,CC,1.94,C
2019,bah,Cogen,0.28200000000000003,C
2019,omn,CC,5.077999999999999,C
2019,omn,Cogen,2.466,C
2020,ksa,Steam,33.7512,C
2020,ksa,GT,33.835439607179836,C
2020,ksa,CC,17.531,C
2020,ksa,PV,0.01530256688912318,C
2020,ksa,Cogen,14.741999999999999,C
2020,uae,GT,7.14680933493698,C
2020,uae,CC,3.96,C
2020,uae,PV,0.00955802742745951,C
2020,uae,CSP,0.05,C
2020,uae,Cogen,20.57,C
2020,qat,GT,1.3285041077608222,C
2020,qat,CC,2.007,C
2020,qat,Cogen,7.796,C
2020,kuw,PV,0.00955802742745951,C
2020,kuw,Cogen,19.622999999999998,C
2020,bah,Steam,1.302,C
2020,bah,GT,1.629,C
2020,bah,CC,1.94,C
2020,bah,Cogen,0.28200000000000003,C
2020,omn,CC,8.347,C
2020,omn,Cogen,2.466,C
2021,ksa,Steam,33.7512,C
2021,ksa,GT,33.564439607179835,C
2021,ksa,CC,24.551000000000002,C
2021,ksa,PV,0.015166794284627314,C
2021,ksa,Cogen,14.741999999999999,C
2021,uae,GT,7.14680933493698,C
2021,uae,CC,3.96,C
2021,uae,Nuclear,5.6,C
2021,uae,PV,0.009472005180612374,C
2021,uae,CSP,0.05,C
2021,uae,Cogen,20.57,C
2021,qat,GT,1.3285041077608222,C
2021,qat,CC,2.007,C
2021,qat,Cogen,7.796,C
2021,kuw,PV,0.009472005180612374,C
2021,kuw,Cogen,19.323,C
2021,bah,Steam,1.302,C
2021,bah,GT,1.629,C
2021,bah,CC,1.94,C
2021,bah,Cogen,0.28200000000000003,C
2021,omn,CC,8.347,C
2021,omn,Cogen,2.466,C
2022,ksa,Steam,33.7512,C
2022,ksa,GT,33.564439607179835,C
2022,ksa,CC,29.951,C
2022,ksa,PV,0.01503223388108438,C
2022,ksa,Cogen,14.741999999999999,C
2022,uae,GT,7.14680933493698,C
2022,uae,CC,3.96,C
2022,uae,CoalSteam,1.8,C
2022,uae,Nuclear,5.6,C
2022,uae,PV,0.009386757133986862,C
2022,uae,CSP,0.05,C
2022,uae,Cogen,20.57,C
2022,qat,GT,1.3285041077608222,C
2022,qat,CC,2.007,C
2022,qat,Cogen,7.796,C
2022,kuw,PV,0.009386757133986862,C
2022,kuw,Cogen,22.923000000000002,C
2022,bah,Steam,1.302,C
2022,bah,GT,1.629,C
2022,bah,CC,1.94,C
2022,bah,Cogen,0.28200000000000003,C
2022,omn,CC,8.847,C
2022,omn,Cogen,2.466,C
2023,ksa,Steam,33.7512,C
2023,ksa,GT,33.564439607179835,C
2023,ksa,CC,29.951,C
2023,ksa,PV,0.01489887481744824,C
2023,ksa,Cogen,14.741999999999999,C
2023,uae,GT,7.14680933493698,C
2023,uae,CC,3.96,C
2023,uae,CoalSteam,1.8,C
2023,uae,Nuclear,5.6,C
2023,uae,PV,0.009302276319780981,C
2023,uae,CSP,0.05,C
2023,uae,Cogen,20.57,C
2023,qat,GT,1.3285041077608222,C
2023,qat,CC,2.007,C
2023,qat,Cogen,7.796,C
2023,kuw,PV,0.009302276319780981,C
2023,kuw,Cogen,21.122999999999998,C
2023,bah,Steam,1.302,C
2023,bah,GT,1.629,C
2023,bah,CC,1.94,C
2023,bah,Cogen,0.28200000000000003,C
2023,omn,CC,9.547,C
2023,omn,Cogen,2.466,C
2024,ksa,Steam,33.7512,C
2024,ksa,GT,33.564439607179835,C
2024,ksa,CC,29.951,C
2024,ksa,PV,0.014766706330178358,C
2024,ksa,Cogen,14.741999999999999,C
2024,uae,GT,7.14680933493698,C
2024,uae,CC,3.96,C
2024,uae,CoalSteam,4.2,C
2024,uae,Nuclear,5.6,C
2024,uae,PV,0.009218555832902953,C
2024,uae,CSP,0.05,C
2024,uae,Cogen,20.57,C
2024,qat,GT,1.3285041077608222,C
2024,qat,CC,2.007,C
2024,qat,Cogen,7.796,C
2024,kuw,PV,0.009218555832902953,C
2024,kuw,Cogen,21.122999999999998,C
2024,bah,Steam,1.302,C
2024,bah,GT,1.629,C
2024,bah,CC,1.94,C
2024,bah,Cogen,0.28200000000000003,C
2024,omn,CC,9.547,C
2024,omn,Cogen,2.466,C
2025,ksa,Steam,33.7512,C
2025,ksa,GT,33.564439607179835,C
2025,ksa,CC,29.951,C
2025,ksa,PV,0.014635717752363468,C
2025,ksa,Cogen,14.741999999999999,C
2025,uae,GT,7.14680933493698,C
2025,uae,CC,3.96,C
2025,uae,CoalSteam,4.2,C
2025,uae,Nuclear,5.6,C
2025,uae,PV,0.009135588830406827,C
2025,uae,CSP,0.05,C
2025,uae,Cogen,20.57,C
2025,qat,GT,1.3167891211470069,C
2025,qat,CC,2.007,C
2025,qat,CCcon,0.017572479920722913,C
2025,qat,Cogen,7.796,C
2025,kuw,PV,0.009135588830406827,C
2025,kuw,Cogen,21.122999999999998,C
2025,bah,Steam,1.302,C
2025,bah,GT,1.629,C
2025,bah,CC,1.94,C
2025,bah,Cogen,0.28200000000000003,C
2025,omn,CC,9.547,C
2025,omn,Cogen,2.466,C
2026,ksa,Steam,33.7512,C
2026,ksa,GT,33.564439607179835,C
2026,ksa,CC,29.951,C
2026,ksa,PV,0.014505898512853128,C
2026,ksa,Cogen,14.741999999999999,C
2026,uae,GT,7.14680933493698,C
2026,uae,CC,3.96,C
2026,uae,CoalSteam,4.2,C
2026,uae,Nuclear,5.6,C
2026,uae,PV,0.009053368530933165,C
2026,uae,CSP,0.05,C
2026,uae,Cogen,20.57,C
2026,qat,GT,1.2410041077608223,C
2026,qat,CC,2.534220947111989,C
2026,qat,CCcon,0.13125,C
2026,qat,Cogen,7.796,C
2026,kuw,PV,0.009053368530933165,C
2026,kuw,Cogen,21.122999999999998,C
2026,bah,Steam,1.302,C
2026,bah,GT,1.629,C
2026,bah,CC,1.94,C
2026,bah,Cogen,0.28200000000000003,C
2026,omn,CC,9.547,C
2026,omn,Cogen,2.466,C
2027,ksa,Steam,33.7512,C
2027,ksa,GT,33.564439607179835,C
2027,ksa,CC,29.951,C
2027,ksa,PV,0.014377238135397076,C
2027,ksa,Cogen,14.741999999999999,C
2027,uae,GT,7.14680933493698,C
2027,uae,CC,3.96,C
2027,uae,CoalSteam,4.2,C
2027,uae,Nuclear,5.6,C
2027,uae,PV,0.008971888214154766,C
2027,uae,CSP,0.05,C
2027,uae,Cogen,20.57,C
2027,qat,GT,1.2410041077608223,C
2027,qat,CC,3.1763459848668036,C
2027,qat,CCcon,0.13125,C
2027,qat,Cogen,7.796,C
2027,kuw,CoalSteam,0.2751074283812404,C
2027,kuw,PV,0.008971888214154766,C
2027,kuw,Cogen,21.122999999999998,C
2027,bah,Steam,1.302,C
2027,bah,GT,1.629,C
2027,bah,CC,1.94,C
2027,bah,Cogen,0.28200000000000003,C
2027,omn,CC,9.547,C
2027,omn,Cogen,2.466,C
2028,ksa,Steam,33.7512,C
2028,ksa,GT,29.978439607179833,C
2028,ksa,CC,32.74092543029448,C
2028,ksa,CCcon,5.3790000000000004,C
2028,ksa,PV,0.01424972623779233,C
2028,ksa,Cogen,14.741999999999999,C
2028,uae,GT,7.14680933493698,C
2028,uae,CC,3.96,C
2028,uae,CoalSteam,4.2,C
2028,uae,Nuclear,5.6,C
2028,uae,PV,0.008891141220227373,C
2028,uae,CSP,0.05,C
2028,uae,Cogen,20.57,C
2028,qat,GT,1.2410041077608223,C
2028,qat,CC,4.798920664912034,C
2028,qat,CCcon,0.13125,C
2028,qat,Cogen,7.796,C
2028,kuw,CoalSteam,1.343873052559319,C
2028,kuw,PV,0.008891141220227373,C
2028,kuw,Cogen,21.122999999999998,C
2028,bah,Steam,1.302,C
2028,bah,GT,1.629,C
2028,bah,CC,2.2028274144593043,C
2028,bah,Cogen,0.28200000000000003,C
2028,omn,CC,9.547,C
2028,omn,Cogen,2.466,C
2029,ksa,Steam,33.7512,C
2029,ksa,GT,29.978439607179833,C
2029,ksa,CC,36.66596596534207,C
2029,ksa,CCcon,5.3790000000000004,C
2029,ksa,PV,0.014123352531037959,C
2029,ksa,Cogen,14.741999999999999,C
2029,uae,GT,7.076509334936979,C
2029,uae,CC,4.043904034914402,C
2029,uae,CCcon,0.10545,C
2029,uae,CoalSteam,4.2,C
2029,uae,Nuclear,5.6,C
2029,uae,PV,0.008811120949245327,C
2029,uae,CSP,0.05,C
2029,uae,Cogen,20.57,C
2029,qat,GT,1.2410041077608223,C
2029,qat,CC,6.8548161235857155,C
2029,qat,CCcon,0.13125,C
2029,qat,Cogen,7.796,C
2029,kuw,CoalSteam,2.546234377675061,C
2029,kuw,PV,0.008811120949245327,C
2029,kuw,Cogen,21.122999999999998,C
2029,bah,Steam,1.302,C
2029,bah,GT,1.629,C
2029,bah,CC,2.3594463882154235,C
2029,bah,Cogen,0.28200000000000003,C
2029,omn,CC,9.547,C
2029,omn,Cogen,2.466,C
2030,ksa,Steam,33.7512,C
2030,ksa,GT,29.978439607179833,C
2030,ksa,CC,42.14659678164112,C
2030,ksa,CCcon,5.3790000000000004,C
2030,ksa,PV,0.013998106818497447,C
2030,ksa,Cogen,14.741999999999999,C
2030,uae,GT,7.076509334936979,C
2030,uae,CC,5.164492609239044,C
2030,uae,CCcon,0.10545,C
2030,uae,CoalSteam,4.2,C
2030,uae,Nuclear,5.6,C
2030,uae,PV,0.008731820860702118,C
2030,uae,CSP,0.05,C
2030,uae,Cogen,20.57,C
2030,qat,GT,1.2410041077608223,C
2030,qat,CC,7.5985484272055075,C
2030,qat,CCcon,0.13125,C
2030,qat,Cogen,7.796,C
2030,kuw,CoalSteam,3.7485957028366537,C
2030,kuw,PV,0.008731820860702118,C
2030,kuw,Cogen,21.122999999999998,C
2030,bah,Steam,1.302,C
2030,bah,GT,1.629,C
2030,bah,CC,2.494496460858337,C
2030,bah,Cogen,0.28200000000000003,C
2030,omn,CC,9.547,C
2030,omn,Cogen,2.466,C
2015,ksa,Steam,25.339199999999998,D
2015,ksa,GT,35.86,D
2015,ksa,CC,10.04,D
2015,ksa,PV,0.016,D
2015,ksa,Cogen,9.392000000000001,D
2015,uae,GT,5.702999999999999,D
2015,uae,CC,2.38,D
2015,uae,PV,0.01,D
2015,uae,CSP,0.05,D
2015,uae,Cogen,20.57,D
2015,qat,GT,1.2515,D
2015,qat,CC,2.007,D
2015,qat,Cogen,6.184,D
2015,kuw,PV,0.01,D
2015,kuw,Cogen,18.259,D
2015,bah,Steam,1.302,D
2015,bah,GT,1.629,D
2015,bah,CC,1.94,D
2015,bah,Cogen,0.28200000000000003,D
2015,omn,CC,4.957,D
2015,omn,Cogen,2.466,D
2016,ksa,Steam,25.339199999999998,D
2016,ksa,GT,35.619,D
2016,ksa,CC,10.04,D
2016,ksa,PV,0.015858,D
2016,ksa,Cogen,14.692000000000002,D
2016,uae,GT,5.702999999999999,D
2016,uae,CC,2.38,D
2016,uae,PV,0.00991,D
2016,uae,CSP,0.05,D
2016,uae,Cogen,20.57,D
2016,qat,GT,1.3285041077608222,D
2016,qat,CC,2.007,D
2016,qat,Cogen,6.184,D
2016,kuw,PV,0.00991,D
2016,kuw,Cogen,18.259,D
2016,bah,Steam,1.302,D
2016,bah,GT,1.629,D
2016,bah,CC,1.94,D
2016,bah,Cogen,0.28200000000000003,D
2016,omn,CC,4.957,D
2016,omn,Cogen,2.466,D
2017,ksa,Steam,29.719199999999997,D
2017,ksa,GT,35.187,D
2017,ksa,CC,13.966999999999999,D
2017,ksa,PV,0.015717268,D
2017,ksa,Cogen,17.442000000000004,D
2017,uae,GT,6.077777517450235,D
2017,uae,CC,2.7199999999999998,D
2017,uae,PV,0.009820810000000001,D
2017,uae,CSP,0.05,D
2017,uae,Cogen,20.57,D
2017,qat,GT,1.3285041077608222,D
2017,qat,CC,2.007,D
2017,qat,Cogen,7.784,D
2017,kuw,PV,0.009820810000000001,D
2017,kuw,Cogen,18.259,D
2017,bah,Steam,1.302,D
2017,bah,GT,1.629,D
2017,bah,CC,1.94,D
2017,bah,Cogen,0.28200000000000003,D
2017,omn,CC,5.077999999999999,D
2017,omn,Cogen,2.466,D
2018,ksa,Steam,33.3592,D
2018,ksa,GT,34.650999999999996,D
2018,ksa,CC,13.966999999999999,D
2018,ksa,PV,0.015577792638,D
2018,ksa,Cogen,14.741999999999999,D
2018,uae,GT,7.14680933493698,D
2018,uae,CC,2.7199999999999998,D
2018,uae,PV,0.00973242271,D
2018,uae,CSP,0.05,D
2018,uae,Cogen,20.57,D
2018,qat,GT,1.3285041077608222,D
2018,qat,CC,2.007,D
2018,qat,Cogen,8.608,D
2018,kuw,PV,0.00973242271,D
2018,kuw,Cogen,19.787,D
2018,bah,Steam,1.302,D
2018,bah,GT,1.629,D
2018,bah,CC,1.94,D
2018,bah,Cogen,0.28200000000000003,D
2018,omn,CC,5.077999999999999,D
2018,omn,Cogen,2.466,D
2019,ksa,Steam,33.7512,D
2019,ksa,GT,34.650439607179635,D
2019,ksa,CC,16.027,D
2019,ksa,PV,0.015439562654008001,D
2019,ksa,Cogen,14.741999999999999,D
2019,uae,GT,7.14680933493698,D
2019,uae,CC,3.96,D
2019,uae,PV,0.00964483090561,D
2019,uae,CSP,0.05,D
2019,uae,Cogen,20.57,D
2019,qat,GT,1.3285041077608222,D
2019,qat,CC,2.007,D
2019,qat,Cogen,7.796,D
2019,kuw,PV,0.00964483090561,D
2019,kuw,Cogen,19.023,D
2019,bah,Steam,1.302,D
2019,bah,GT,1.629,D
2019,bah,CC,1.94,D
2019,bah,Cogen,0.28200000000000003,D
2019,omn,CC,5.077999999999999,D
2019,omn,Cogen,2.466,D
2020,ksa,Steam,33.7512,D
2020,ksa,GT,30.24943960717964,D
2020,ksa,CC,17.531,D
2020,ksa,CCcon,5.3790000000000004,D
2020,ksa,PV,0.01530256688912318,D
2020,ksa,Cogen,14.741999999999999,D
2020,uae,GT,7.076509334936979,D
2020,uae,CC,3.96,D
2020,uae,CCcon,0.10545,D
2020,uae,PV,0.00955802742745951,D
2020,uae,CSP,0.05,D
2020,uae,Cogen,20.57,D
2020,qat,GT,1.2410041077608223,D
2020,qat,CC,2.007,D
2020,qat,CCcon,0.13125,D
2020,qat,Cogen,7.796,D
2020,kuw,PV,0.00955802742745951,D
2020,kuw,Cogen,19.622999999999998,D
2020,bah,Steam,1.302,D
2020,bah,GT,1.629,D
2020,bah,CC,1.94,D
2020,bah,Cogen,0.28200000000000003,D
2020,omn,CC,8.347,D
2020,omn,Cogen,2.466,D
2021,ksa,Steam,33.7512,D
2021,ksa,GT,29.978439607179638,D
2021,ksa,CC,24.551000000000002,D
2021,ksa,CCcon,5.3790000000000004,D
2021,ksa,PV,0.015166794284627314,D
2021,ksa,Cogen,14.741999999999999,D
2021,uae,GT,7.076509334936979,D
2021,uae,CC,3.96,D
2021,uae,CCcon,0.10545,D
2021,uae,Nuclear,5.6,D
2021,uae,PV,0.009472005180612374,D
2021,uae,CSP,0.05,D
2021,uae,Cogen,20.57,D
2021,qat,GT,1.2410041077608223,D
2021,qat,CC,2.007,D
2021,qat,CCcon,0.13125,D
2021,qat,Cogen,7.796,D
2021,kuw,PV,0.009472005180612374,D
2021,kuw,Cogen,25.6002095882262,D
2021,bah,Steam,1.302,D
2021,bah,GT,1.629,D
2021,bah,CC,1.94,D
2021,bah,Cogen,0.28200000000000003,D
2021,omn,CC,8.347,D
2021,omn,Cogen,2.466,D
2022,ksa,Steam,33.7512,D
2022,ksa,GT,29.978439607179638,D
2022,ksa,CC,29.951,D
2022,ksa,CCcon,5.3790000000000004,D
2022,ksa,PV,0.01503223388108438,D
2022,ksa,Cogen,14.741999999999999,D
2022,uae,GT,7.076509334936979,D
2022,uae,CC,3.96,D
2022,uae,CCcon,0.10545,D
2022,uae,CoalSteam,1.8,D
2022,uae,Nuclear,5.6,D
2022,uae,PV,0.009386757133986862,D
2022,uae,CSP,0.05,D
2022,uae,Cogen,20.57,D
2022,qat,GT,1.2410041077608223,D
2022,qat,CC,2.4617056499339793,D
2022,qat,CCcon,0.13125,D
2022,qat,Cogen,7.796,D
2022,kuw,PV,0.009386757133986862,D
2022,kuw,Cogen,29.2002095882262,D
2022,bah,Steam,1.302,D
2022,bah,GT,1.629,D
2022,bah,CC,1.94,D
2022,bah,Cogen,0.28200000000000003,D
2022,omn,CC,8.847,D
2022,omn,Cogen,2.466,D
2023,ksa,Steam,33.7512,D
2023,ksa,GT,29.978439607179638,D
2023,ksa,CC,29.951,D
2023,ksa,CCcon,5.3790000000000004,D
2023,ksa,PV,0.01489887481744824,D
2023,ksa,Cogen,14.741999999999999,D
2023,uae,GT,7.076509334936979,D
2023,uae,CC,3.96,D
2023,uae,CCcon,0.10545,D
2023,uae,CoalSteam,1.8,D
2023,uae,Nuclear,5.6,D
2023,uae,PV,0.009302276319780981,D
2023,uae,CSP,0.05,D
2023,uae,Cogen,20.57,D
2023,qat,GT,1.2410041077608223,D
2023,qat,CC,2.8169624016952404,D
2023,qat,CCcon,0.13125,D
2023,qat,Cogen,7.796,D
2023,kuw,PV,0.009302276319780981,D
2023,kuw,Cogen,27.400209588226197,D
2023,bah,Steam,1.302,D
2023,bah,GT,1.629,D
2023,bah,CC,1.94,D
2023,bah,Cogen,0.28200000000000003,D
2023,omn,CC,9.547,D
2023,omn,Cogen,2.466,D
2024,ksa,Steam,33.7512,D
2024,ksa,GT,29.978439607179638,D
2024,ksa,CC,29.951,D
2024,ksa,CCcon,5.3790000000000004,D
2024,ksa,PV,0.014766706330178358,D
2024,ksa,Cogen,14.741999999999999,D
2024,uae,GT,7.076509334936979,D
2024,uae,CC,3.96,D
2024,uae,CCcon,0.10545,D
2024,uae,CoalSteam,4.2,D
2024,uae,Nuclear,5.6,D
2024,uae,PV,0.009218555832902953,D
2024,uae,CSP,0.05,D
2024,uae,Cogen,20.57,D
2024,qat,GT,1.2410041077608223,D
2024,qat,CC,3.855408060831997,D
2024,qat,CCcon,0.13125,D
2024,qat,Cogen,7.796,D
2024,kuw,PV,0.009218555832902953,D
2024,kuw,Cogen,27.66538624825723,D
2024,bah,Steam,1.302,D
2024,bah,GT,1.629,D
2024,bah,CC,1.94,D
2024,bah,Cogen,0.28200000000000003,D
2024,omn,CC,9.547,D
2024,omn,Cogen,2.466,D
2025,ksa,Steam,33.7512,D
2025,ksa,GT,29.978439607179638,D
2025,ksa,CC,32.90832764564618,D
2025,ksa,CCcon,5.3790000000000004,D
2025,ksa,PV,0.014635717752363468,D
2025,ksa,Cogen,14.741999999999999,D
2025,uae,GT,7.076509334936979,D
2025,uae,CC,3.96,D
2025,uae,CCcon,0.10545,D
2025,uae,CoalSteam,4.2,D
2025,uae,Nuclear,5.6,D
2025,uae,PV,0.009135588830406827,D
2025,uae,CSP,0.05,D
2025,uae,Cogen,20.57,D
2025,qat,GT,1.2410041077608223,D
2025,qat,CC,4.417225889217965,D
2025,qat,CCcon,0.13125,D
2025,qat,Cogen,7.796,D
2025,kuw,Nuclear,1.4177366126175286,D
2025,kuw,PV,0.009135588830406827,D
2025,kuw,Cogen,27.66538624825723,D
2025,bah,Steam,1.302,D
2025,bah,GT,1.629,D
2025,bah,CC,1.94,D
2025,bah,Cogen,0.28200000000000003,D
2025,omn,CC,9.547,D
2025,omn,Cogen,2.466,D
2026,ksa,Steam,33.7512,D
2026,ksa,GT,29.978439607179638,D
2026,ksa,CC,38.083144709181774,D
2026,ksa,CCcon,5.3790000000000004,D
2026,ksa,PV,0.014505898512853128,D
2026,ksa,Cogen,14.741999999999999,D
2026,uae,GT,7.076509334936979,D
2026,uae,CC,3.96,D
2026,uae,CCcon,0.10545,D
2026,uae,CoalSteam,4.2,D
2026,uae,Nuclear,5.6,D
2026,uae,PV,0.009053368530933165,D
2026,uae,CSP,0.05,D
2026,uae,Cogen,20.57,D
2026,qat,GT,1.2410041077608223,D
2026,qat,CC,4.979089704957399,D
2026,qat,CCcon,0.13125,D
2026,qat,Cogen,7.796,D
2026,kuw,Nuclear,1.4177366126175286,D
2026,kuw,PV,0.009053368530933165,D
2026,kuw,Cogen,27.66538624825723,D
2026,bah,Steam,1.302,D
2026,bah,GT,1.629,D
2026,bah,CC,1.94,D
2026,bah,Cogen,0.28200000000000003,D
2026,omn,CC,9.547,D
2026,omn,Cogen,2.466,D
2027,ksa,Steam,33.7512,D
2027,ksa,GT,29.978439607179638,D
2027,ksa,CC,43.66245837592553,D
2027,ksa,CCcon,5.3790000000000004,D
2027,ksa,PV,0.014377238135397076,D
2027,ksa,Cogen,14.741999999999999,D
2027,uae,GT,7.076509334936979,D
2027,uae,CC,4.025784382012094,D
2027,uae,CCcon,0.10545,D
2027,uae,CoalSteam,4.2,D
2027,uae,Nuclear,5.6,D
2027,uae,PV,0.008971888214154766,D
2027,uae,CSP,0.05,D
2027,uae,Cogen,20.57,D
2027,qat,GT,1.2410041077608223,D
2027,qat,CC,5.6212559356717575,D
2027,qat,CCcon,0.13125,D
2027,qat,Cogen,7.796,D
2027,kuw,Nuclear,2.1426436440087517,D
2027,kuw,PV,0.008971888214154766,D
2027,kuw,Cogen,27.66538624825723,D
2027,bah,Steam,1.302,D
2027,bah,GT,1.629,D
2027,bah,CC,1.94,D
2027,bah,Cogen,0.28200000000000003,D
2027,omn,CC,9.547,D
2027,omn,Cogen,2.466,D
2028,ksa,Steam,33.7512,D
2028,ksa,GT,29.978439607179638,D
2028,ksa,CC,50.65820094059491,D
2028,ksa,CCcon,5.3790000000000004,D
2028,ksa,PV,0.01424972623779233,D
2028,ksa,Cogen,14.741999999999999,D
2028,uae,GT,7.076509334936979,D
2028,uae,CC,4.189914868108943,D
2028,uae,CCcon,0.10545,D
2028,uae,CoalSteam,4.2,D
2028,uae,Nuclear,5.6,D
2028,uae,PV,0.008891141220227373,D
2028,uae,CSP,0.05,D
2028,uae,Cogen,20.57,D
2028,qat,GT,1.2410041077608223,D
2028,qat,CC,6.263376364671084,D
2028,qat,CCcon,0.13125,D
2028,qat,Cogen,7.796,D
2028,kuw,Nuclear,2.224514132955253,D
2028,kuw,PV,0.008891141220227373,D
2028,kuw,Cogen,27.66538624825723,D
2028,bah,Steam,1.302,D
2028,bah,GT,1.629,D
2028,bah,CC,2.2014104252308875,D
2028,bah,Cogen,0.28200000000000003,D
2028,omn,CC,9.547,D
2028,omn,Cogen,2.466,D
2029,ksa,Steam,33.7512,D
2029,ksa,GT,29.978439607179638,D
2029,ksa,CC,59.28682063647928,D
2029,ksa,CCcon,5.3790000000000004,D
2029,ksa,PV,0.014123352531037959,D
2029,ksa,Cogen,14.741999999999999,D
2029,uae,GT,7.076509334936979,D
2029,uae,CC,6.777777206842999,D
2029,uae,CCcon,0.10545,D
2029,uae,CoalSteam,4.2,D
2029,uae,Nuclear,5.6,D
2029,uae,PV,0.008811120949245327,D
2029,uae,CSP,0.05,D
2029,uae,Cogen,20.57,D
2029,qat,GT,1.2410041077608223,D
2029,qat,CC,6.985767098686516,D
2029,qat,CCcon,0.13125,D
2029,qat,Cogen,7.796,D
2029,kuw,Nuclear,3.074701451516087,D
2029,kuw,PV,0.008811120949245327,D
2029,kuw,Cogen,27.868608438818093,D
2029,bah,Steam,1.302,D
2029,bah,GT,1.629,D
2029,bah,CC,2.9361711822014502,D
2029,bah,Cogen,0.28200000000000003,D
2029,omn,CC,9.547,D
2029,omn,Cogen,2.466,D
2030,ksa,Steam,33.7512,D
2030,ksa,GT,29.978439607179638,D
2030,ksa,CC,62.971084469572574,D
2030,ksa,CCcon,5.3790000000000004,D
2030,ksa,PV,11.444526772792246,D
2030,ksa,Cogen,14.741999999999999,D
2030,uae,GT,7.076509334936979,D
2030,uae,CC,8.887869147566125,D
2030,uae,CCcon,0.10545,D
2030,uae,CoalSteam,4.2,D
2030,uae,Nuclear,5.6,D
2030,uae,PV,0.008731820860702118,D
2030,uae,CSP,0.05,D
2030,uae,Cogen,20.57,D
2030,qat,GT,1.2410041077608223,D
2030,qat,CC,7.708157780543597,D
2030,qat,CCcon,0.13125,D
2030,qat,Cogen,7.796,D
2030,kuw,Nuclear,3.4609680885319127,D
2030,kuw,PV,0.008731820860702118,D
2030,kuw,Cogen,28.681831175449204,D
2030,bah,Steam,1.302,D
2030,bah,GT,1.629,D
2030,bah,CC,3.0760897007121306,D
2030,bah,Cogen,0.28200000000000003,D
2030,omn,CC,9.547,D
2030,omn,Cogen,2.466,D
2015,ksa,Steam,25.339199999999998,E
2015,ksa,GT,35.86,E
2015,ksa,CC,10.04,E
2015,ksa,PV,0.016,E
2015,ksa,Cogen,9.392000000000001,E
2015,uae,GT,5.702999999999999,E
2015,uae,CC,2.38,E
2015,uae,PV,0.01,E
2015,uae,CSP,0.05,E
2015,uae,Cogen,20.57,E
2015,qat,GT,1.2515,E
2015,qat,CC,2.007,E
2015,qat,Cogen,6.184,E
2015,kuw,PV,0.01,E
2015,kuw,Cogen,18.259,E
2015,bah,Steam,1.302,E
2015,bah,GT,1.629,E
2015,bah,CC,1.94,E
2015,bah,Cogen,0.28200000000000003,E
2015,omn,CC,4.957,E
2015,omn,Cogen,2.466,E
2016,ksa,Steam,25.339199999999998,E
2016,ksa,GT,35.619,E
2016,ksa,CC,10.04,E
2016,ksa,PV,0.015858,E
2016,ksa,Cogen,14.692000000000002,E
2016,uae,GT,5.702999999999999,E
2016,uae,CC,2.38,E
2016,uae,PV,0.00991,E
2016,uae,CSP,0.05,E
2016,uae,Cogen,20.57,E
2016,qat,GT,1.3285041077608222,E
2016,qat,CC,2.007,E
2016,qat,Cogen,6.184,E
2016,kuw,PV,0.00991,E
2016,kuw,Cogen,18.259,E
2016,bah,Steam,1.302,E
2016,bah,GT,1.629,E
2016,bah,CC,1.94,E
2016,bah,Cogen,0.28200000000000003,E
2016,omn,CC,4.957,E
2016,omn,Cogen,2.466,E
2017,ksa,Steam,29.719199999999997,E
2017,ksa,GT,35.187,E
2017,ksa,CC,13.966999999999999,E
2017,ksa,PV,0.015717268,E
2017,ksa,Cogen,17.442000000000004,E
2017,uae,GT,6.077777517450235,E
2017,uae,CC,2.7199999999999998,E
2017,uae,PV,0.009820810000000001,E
2017,uae,CSP,0.05,E
2017,uae,Cogen,20.57,E
2017,qat,GT,1.3285041077608222,E
2017,qat,CC,2.007,E
2017,qat,Cogen,7.784,E
2017,kuw,PV,0.009820810000000001,E
2017,kuw,Cogen,18.259,E
2017,bah,Steam,1.302,E
2017,bah,GT,1.629,E
2017,bah,CC,1.94,E
2017,bah,Cogen,0.28200000000000003,E
2017,omn,CC,5.077999999999999,E
2017,omn,Cogen,2.466,E
2018,ksa,Steam,33.3592,E
2018,ksa,GT,34.650999999999996,E
2018,ksa,CC,13.966999999999999,E
2018,ksa,PV,0.015577792638,E
2018,ksa,Cogen,14.741999999999999,E
2018,uae,GT,7.14680933493698,E
2018,uae,CC,2.7199999999999998,E
2018,uae,PV,0.00973242271,E
2018,uae,CSP,0.05,E
2018,uae,Cogen,20.57,E
2018,qat,GT,1.3285041077608222,E
2018,qat,CC,2.007,E
2018,qat,Cogen,8.608,E
2018,kuw,PV,0.00973242271,E
2018,kuw,Cogen,19.787,E
2018,bah,Steam,1.302,E
2018,bah,GT,1.629,E
2018,bah,CC,1.94,E
2018,bah,Cogen,0.28200000000000003,E
2018,omn,CC,5.077999999999999,E
2018,omn,Cogen,2.466,E
2019,ksa,Steam,33.7512,E
2019,ksa,GT,43.261385200103106,E
2019,ksa,CC,16.027,E
2019,ksa,PV,0.015439562654008001,E
2019,ksa,Cogen,14.741999999999999,E
2019,uae,GT,8.034351488091277,E
2019,uae,CC,3.96,E
2019,uae,PV,0.00964483090561,E
2019,uae,CSP,0.05,E
2019,uae,Cogen,20.57,E
2019,qat,GT,3.389113572969428,E
2019,qat,CC,2.007,E
2019,qat,Cogen,7.796,E
2019,kuw,GT,2.2631022145954645,E
2019,kuw,PV,0.00964483090561,E
2019,kuw,Cogen,19.023,E
2019,bah,Steam,1.302,E
2019,bah,GT,1.629,E
2019,bah,CC,1.94,E
2019,bah,Cogen,0.28200000000000003,E
2019,omn,CC,5.077999999999999,E
2019,omn,Cogen,2.466,E
2020,ksa,Steam,33.7512,E
2020,ksa,GT,38.8603852001031,E
2020,ksa,CC,17.531,E
2020,ksa,CCcon,5.3790000000000004,E
2020,ksa,PV,0.01530256688912318,E
2020,ksa,Cogen,14.741999999999999,E
2020,uae,GT,8.685817256448502,E
2020,uae,CC,3.96,E
2020,uae,CCcon,0.10545,E
2020,uae,PV,0.00955802742745951,E
2020,uae,CSP,0.05,E
2020,uae,Cogen,20.57,E
2020,qat,GT,3.725033663762725,E
2020,qat,CC,2.007,E
2020,qat,CCcon,0.13125,E
2020,qat,Cogen,7.796,E
2020,kuw,GT,2.8854798213107737,E
2020,kuw,PV,0.00955802742745951,E
2020,kuw,Cogen,19.622999999999998,E
2020,bah,Steam,1.302,E
2020,bah,GT,1.629,E
2020,bah,CC,1.94,E
2020,bah,Cogen,0.28200000000000003,E
2020,omn,CC,8.347,E
2020,omn,Cogen,2.466,E
2021,ksa,Steam,33.7512,E
2021,ksa,GT,38.5893852001031,E
2021,ksa,CC,24.551000000000002,E
2021,ksa,CCcon,5.3790000000000004,E
2021,ksa,PV,22.179182805103768,E
2021,ksa,Cogen,14.741999999999999,E
2021,uae,Steam,0.8280784306425996,E
2021,uae,GT,8.685817256448502,E
2021,uae,CC,3.96,E
2021,uae,CCcon,0.10545,E
2021,uae,Nuclear,5.6,E
2021,uae,PV,13.543827537437428,E
2021,uae,CSP,0.05,E
2021,uae,Cogen,27.73779961634243,E
2021,qat,Steam,1.3442905464960484,E
2021,qat,GT,3.725033663762725,E
2021,qat,CC,2.007,E
2021,qat,CCcon,0.13125,E
2021,qat,PV,5.335862686864422,E
2021,qat,Cogen,8.575231046359384,E
2021,kuw,GT,2.8854798213107737,E
2021,kuw,PV,12.030406650622425,E
2021,kuw,Cogen,22.209670682407044,E
2021,bah,Steam,1.302,E
2021,bah,GT,1.629,E
2021,bah,CC,1.94,E
2021,bah,Cogen,0.28200000000000003,E
2021,omn,GT,0.9161635047155442,E
2021,omn,CC,8.347,E
2021,omn,PV,4.773448252655661,E
2021,omn,Cogen,2.466,E
2022,ksa,Steam,33.7512,E
2022,ksa,GT,38.5893852001031,E
2022,ksa,CC,31.19010527770367,E
2022,ksa,CCcon,5.3790000000000004,E
2022,ksa,PV,22.057260186380585,E
2022,ksa,Cogen,14.741999999999999,E
2022,uae,Steam,0.8280784306425996,E
2022,uae,GT,8.685817256448502,E
2022,uae,CC,12.867183661981947,E
2022,uae,CCcon,0.10545,E
2022,uae,CoalSteam,1.8,E
2022,uae,Nuclear,5.6,E
2022,uae,PV,13.42193308960049,E
2022,uae,CSP,0.05,E
2022,uae,Cogen,27.73779961634243,E
2022,qat,Steam,1.3442905464960484,E
2022,qat,GT,3.725033663762725,E
2022,qat,CC,2.5797821160529817,E
2022,qat,CCcon,0.13125,E
2022,qat,PV,5.287839922682642,E
2022,qat,Cogen,8.575231046359384,E
2022,kuw,GT,2.8854798213107737,E
2022,kuw,CC,8.588743611285917,E
2022,kuw,PV,11.922132990766823,E
2022,kuw,Cogen,25.809670682407045,E
2022,bah,Steam,1.302,E
2022,bah,GT,1.629,E
2022,bah,CC,2.5624791824275004,E
2022,bah,Cogen,0.28200000000000003,E
2022,omn,GT,0.9161635047155442,E
2022,omn,CC,10.50596102148203,E
2022,omn,PV,4.77168492039687,E
2022,omn,Cogen,2.466,E
2023,ksa,Steam,33.7512,E
2023,ksa,GT,38.5893852001031,E
2023,ksa,CC,33.50096812190982,E
2023,ksa,CCcon,5.3790000000000004,E
2023,ksa,PV,21.9360464210933,E
2023,ksa,Cogen,14.741999999999999,E
2023,uae,Steam,0.8280784306425996,E
2023,uae,GT,8.685817256448502,E
2023,uae,CC,12.867183661981947,E
2023,uae,CCcon,0.10545,E
2023,uae,CoalSteam,1.8,E
2023,uae,Nuclear,5.6,E
2023,uae,PV,13.301135691794087,E
2023,uae,CSP,0.05,E
2023,uae,Cogen,27.73779961634243,E
2023,qat,Steam,1.3442905464960484,E
2023,qat,GT,3.725033663762725,E
2023,qat,CC,2.5797821160529817,E
2023,qat,CCcon,0.13125,E
2023,qat,PV,5.240249363378498,E
2023,qat,Cogen,8.575231046359384,E
2023,kuw,GT,2.8854798213107737,E
2023,kuw,CC,8.588743611285917,E
2023,kuw,CoalSteam,4.591612405217078,E
2023,kuw,PV,11.814833793849921,E
2023,kuw,Cogen,24.00967068240704,E
2023,bah,Steam,1.302,E
2023,bah,GT,1.629,E
2023,bah,CC,2.6794100943408807,E
2023,bah,Cogen,0.28200000000000003,E
2023,omn,GT,0.9161635047155442,E
2023,omn,CC,11.205961021482029,E
2023,omn,CoalSteam,4.234591930357397,E
2023,omn,PV,4.728739756113298,E
2023,omn,Cogen,2.466,E
2024,ksa,Steam,33.7512,E
2024,ksa,GT,38.5893852001031,E
2024,ksa,CC,37.34529202017768,E
2024,ksa,CCcon,5.3790000000000004,E
2024,ksa,PV,21.81553707181165,E
2024,ksa,Cogen,14.741999999999999,E
2024,uae,Steam,0.8280784306425996,E
2024,uae,GT,8.685817256448502,E
2024,uae,CC,12.867183661981947,E
2024,uae,CCcon,0.10545,E
2024,uae,CoalSteam,4.2,E
2024,uae,Nuclear,5.6,E
2024,uae,PV,13.18142547056794,E
2024,uae,CSP,0.05,E
2024,uae,Cogen,27.73779961634243,E
2024,qat,Steam,1.3442905464960484,E
2024,qat,GT,3.725033663762725,E
2024,qat,CC,2.5827090345740533,E
2024,qat,CCcon,0.13125,E
2024,qat,PV,5.193087119108092,E
2024,qat,Cogen,8.575231046359384,E
2024,kuw,GT,2.8854798213107737,E
2024,kuw,CC,8.588743611285917,E
2024,kuw,CoalSteam,5.214209965850978,E
2024,kuw,PV,11.70850028970527,E
2024,kuw,Cogen,24.00967068240704,E
2024,bah,Steam,1.302,E
2024,bah,GT,1.629,E
2024,bah,CC,2.7946090506509664,E
2024,bah,Cogen,0.28200000000000003,E
2024,omn,GT,0.9161635047155442,E
2024,omn,CC,11.205961021482029,E
2024,omn,CoalSteam,4.386423692224034,E
2024,omn,PV,4.686181098308278,E
2024,omn,Cogen,2.466,E
2025,ksa,Steam,33.7512,E
2025,ksa,GT,38.5893852001031,E
2025,ksa,CC,40.534162269413514,E
2025,ksa,CCcon,5.3790000000000004,E
2025,ksa,PV,21.695727731330994,E
2025,ksa,Cogen,14.741999999999999,E
2025,uae,Steam,0.8280784306425996,E
2025,uae,GT,8.685817256448502,E
2025,uae,CC,12.867183661981947,E
2025,uae,CCcon,0.10545,E
2025,uae,CoalSteam,4.2,E
2025,uae,Nuclear,5.6,E
2025,uae,PV,13.062792641332827,E
2025,uae,CSP,0.05,E
2025,uae,Cogen,27.73779961634243,E
2025,qat,Steam,1.3442905464960484,E
2025,qat,GT,3.725033663762725,E
2025,qat,CC,2.849158814628451,E
2025,qat,CCcon,0.13125,E
2025,qat,PV,5.146349335036119,E
2025,qat,Cogen,8.575231046359384,E
2025,kuw,GT,2.8854798213107737,E
2025,kuw,CC,8.588743611285917,E
2025,kuw,CoalSteam,5.836807426762154,E
2025,kuw,PV,11.603123787097925,E
2025,kuw,Cogen,24.00967068240704,E
2025,bah,Steam,1.302,E
2025,bah,GT,1.629,E
2025,bah,CC,2.9629429829402074,E
2025,bah,Cogen,0.28200000000000003,E
2025,omn,GT,0.9161635047155442,E
2025,omn,CC,11.205961021482029,E
2025,omn,CoalSteam,4.56845926568168,E
2025,omn,PV,4.6440054684235035,E
2025,omn,Cogen,2.466,E
2026,ksa,Steam,33.7512,E
2026,ksa,GT,38.5893852001031,E
2026,ksa,CC,45.34583272055748,E
2026,ksa,CCcon,5.3790000000000004,E
2026,ksa,PV,21.576614022448833,E
2026,ksa,Cogen,14.741999999999999,E
2026,uae,Steam,0.8280784306425996,E
2026,uae,GT,8.685817256448502,E
2026,uae,CC,12.867183661981947,E
2026,uae,CCcon,0.10545,E
2026,uae,CoalSteam,4.2,E
2026,uae,Nuclear,5.6,E
2026,uae,PV,12.945227507560832,E
2026,uae,CSP,0.05,E
2026,uae,Cogen,27.73779961634243,E
2026,qat,Steam,1.3442905464960484,E
2026,qat,GT,3.725033663762725,E
2026,qat,CC,3.11513666733038,E
2026,qat,CCcon,0.13125,E
2026,qat,PV,5.1000321910207935,E
2026,qat,Cogen,8.575231046359384,E
2026,kuw,GT,2.8854798213107737,E
2026,kuw,CC,8.588743611285917,E
2026,kuw,CoalSteam,6.462914209608531,E
2026,kuw,PV,11.498695673014042,E
2026,kuw,Cogen,24.00967068240704,E
2026,bah,Steam,1.302,E
2026,bah,GT,1.629,E
2026,bah,CC,3.0542537448826526,E
2026,bah,Cogen,0.28200000000000003,E
2026,omn,GT,0.9161635047155442,E
2026,omn,CC,11.205961021482029,E
2026,omn,CoalSteam,4.720277091815033,E
2026,omn,PV,4.602209419207692,E
2026,omn,Cogen,2.466,E
2027,ksa,Steam,33.7512,E
2027,ksa,GT,38.5893852001031,E
2027,ksa,CC,50.88695613656047,E
2027,ksa,CCcon,5.3790000000000004,E
2027,ksa,PV,21.458191597743117,E
2027,ksa,Cogen,14.741999999999999,E
2027,uae,Steam,0.8280784306425996,E
2027,uae,GT,8.685817256448502,E
2027,uae,CC,12.867183661981947,E
2027,uae,CCcon,0.10545,E
2027,uae,CoalSteam,4.2,E
2027,uae,Nuclear,5.6,E
2027,uae,PV,12.828720459992784,E
2027,uae,CSP,0.05,E
2027,uae,Cogen,27.73779961634243,E
2027,qat,Steam,1.3442905464960484,E
2027,qat,GT,3.725033663762725,E
2027,qat,CC,3.422517652420725,E
2027,qat,CCcon,0.13125,E
2027,qat,PV,5.054131901301607,E
2027,qat,Cogen,8.575231046359384,E
2027,kuw,GT,2.8854798213107737,E
2027,kuw,CC,8.588743611285917,E
2027,kuw,CoalSteam,7.1746226075265875,E
2027,kuw,PV,11.395207411956916,E
2027,kuw,Cogen,24.00967068240704,E
2027,bah,Steam,1.302,E
2027,bah,GT,1.629,E
2027,bah,CC,3.1846224423636453,E
2027,bah,Cogen,0.28200000000000003,E
2027,omn,GT,0.9161635047155442,E
2027,omn,CC,11.205961021482029,E
2027,omn,CoalSteam,5.005644117878069,E
2027,omn,PV,4.560789534434822,E
2027,omn,Cogen,2.466,E
2028,ksa,Steam,33.7512,E
2028,ksa,GT,38.5893852001031,E
2028,ksa,CC,55.38831123511486,E
2028,ksa,CCcon,5.3790000000000004,E
2028,ksa,PV,21.34045613935227,E
2028,ksa,Cogen,14.741999999999999,E
2028,uae,Steam,0.8280784306425996,E
2028,uae,GT,8.685817256448502,E
2028,uae,CC,12.867183661981947,E
2028,uae,CCcon,0.10545,E
2028,uae,CoalSteam,4.2,E
2028,uae,Nuclear,5.6,E
2028,uae,PV,12.713261975852848,E
2028,uae,CSP,0.05,E
2028,uae,Cogen,27.73779961634243,E
2028,qat,Steam,1.3442905464960484,E
2028,qat,GT,3.725033663762725,E
2028,qat,CC,3.7300987222398696,E
2028,qat,CCcon,0.13125,E
2028,qat,PV,5.008644714189892,E
2028,qat,Cogen,8.575231046359384,E
2028,kuw,GT,2.8854798213107737,E
2028,kuw,CC,8.588743611285917,E
2028,kuw,CoalSteam,7.88633090831375,E
2028,kuw,PV,11.292650545249302,E
2028,kuw,Cogen,24.00967068240704,E
2028,bah,Steam,1.302,E
2028,bah,GT,1.629,E
2028,bah,CC,3.281322955727629,E
2028,bah,Cogen,0.28200000000000003,E
2028,omn,GT,0.9161635047155442,E
2028,omn,CC,11.205961021482029,E
2028,omn,CoalSteam,5.335836982635889,E
2028,omn,PV,4.519742428624909,E
2028,omn,Cogen,2.466,E
2029,ksa,Steam,33.7512,E
2029,ksa,GT,38.5893852001031,E
2029,ksa,CC,59.49017858605839,E
2029,ksa,CCcon,5.3790000000000004,E
2029,ksa,PV,21.223403358756997,E
2029,ksa,Cogen,14.741999999999999,E
2029,uae,Steam,0.8280784306425996,E
2029,uae,GT,8.685817256448502,E
2029,uae,CC,12.867183661981947,E
2029,uae,CCcon,0.10545,E
2029,uae,CoalSteam,4.2,E
2029,uae,Nuclear,5.6,E
2029,uae,PV,12.598842618070172,E
2029,uae,CSP,0.05,E
2029,uae,Cogen,27.73779961634243,E
2029,qat,Steam,1.3442905464960484,E
2029,qat,GT,3.725033663762725,E
2029,qat,CC,4.07907948026768,E
2029,qat,CCcon,0.13125,E
2029,qat,PV,4.963566911762183,E
2029,qat,Cogen,8.575231046359384,E
2029,kuw,GT,2.8854798213107737,E
2029,kuw,CC,8.588743611285917,E
2029,kuw,CoalSteam,8.687001313543686,E
2029,kuw,PV,11.191016690342058,E
2029,kuw,Cogen,24.00967068240704,E
2029,bah,Steam,1.302,E
2029,bah,GT,1.629,E
2029,bah,CC,3.3928989157546,E
2029,bah,Cogen,0.28200000000000003,E
2029,omn,GT,0.9161635047155442,E
2029,omn,CC,11.205961021482029,E
2029,omn,CoalSteam,5.621564798118387,E
2029,omn,PV,4.479064746767285,E
2029,omn,Cogen,2.466,E
2030,ksa,Steam,33.7512,E
2030,ksa,GT,38.5893852001031,E
2030,ksa,CC,63.06597776103577,E
2030,ksa,CCcon,5.3790000000000004,E
2030,ksa,PV,21.107028996563788,E
2030,ksa,Cogen,14.741999999999999,E
2030,uae,Steam,0.8280784306425996,E
2030,uae,GT,8.685817256448502,E
2030,uae,CC,12.867183661981947,E
2030,uae,CCcon,0.10545,E
2030,uae,CoalSteam,4.2,E
2030,uae,Nuclear,5.6,E
2030,uae,PV,12.48545303450754,E
2030,uae,CSP,0.05,E
2030,uae,Cogen,27.73779961634243,E
2030,qat,Steam,1.3442905464960484,E
2030,qat,GT,3.725033663762725,E
2030,qat,CC,4.428256327740951,E
2030,qat,CCcon,0.13125,E
2030,qat,PV,4.918894809556323,E
2030,qat,Cogen,8.575231046359384,E
2030,kuw,GT,2.8854798213107737,E
2030,kuw,CC,8.588743611285917,E
2030,kuw,CoalSteam,9.439111381986326,E
2030,kuw,PV,11.09029754012898,E
2030,kuw,Cogen,24.00967068240704,E
2030,bah,Steam,1.302,E
2030,bah,GT,1.629,E
2030,bah,CC,3.4918968536272432,E
2030,bah,Cogen,0.28200000000000003,E
2030,omn,GT,0.9161635047155442,E
2030,omn,CC,11.205961021482029,E
2030,omn,CoalSteam,5.930372635910677,E
2030,omn,PV,4.438753164046379,E
2030,omn,Cogen,2.466,E
2015,ksa,Steam,25.339199999999998,F
2015,ksa,GT,35.86,F
2015,ksa,CC,10.04,F
2015,ksa,PV,0.016,F
2015,ksa,Cogen,9.392000000000001,F
2015,uae,GT,5.702999999999999,F
2015,uae,CC,2.38,F
2015,uae,PV,0.01,F
2015,uae,CSP,0.05,F
2015,uae,Cogen,20.57,F
2015,qat,GT,1.2515,F
2015,qat,CC,2.007,F
2015,qat,Cogen,6.184,F
2015,kuw,PV,0.01,F
2015,kuw,Cogen,18.259,F
2015,bah,Steam,1.302,F
2015,bah,GT,1.629,F
2015,bah,CC,1.94,F
2015,bah,Cogen,0.28200000000000003,F
2015,omn,CC,4.957,F
2015,omn,Cogen,2.466,F
2016,ksa,Steam,25.339199999999998,F
2016,ksa,GT,35.619,F
2016,ksa,CC,10.04,F
2016,ksa,PV,0.015858,F
2016,ksa,Cogen,14.692000000000002,F
2016,uae,GT,5.702999999999999,F
2016,uae,CC,2.38,F
2016,uae,PV,0.00991,F
2016,uae,CSP,0.05,F
2016,uae,Cogen,20.57,F
2016,qat,GT,1.3285041077608222,F
2016,qat,CC,2.007,F
2016,qat,Cogen,6.184,F
2016,kuw,PV,0.00991,F
2016,kuw,Cogen,18.259,F
2016,bah,Steam,1.302,F
2016,bah,GT,1.629,F
2016,bah,CC,1.94,F
2016,bah,Cogen,0.28200000000000003,F
2016,omn,CC,4.957,F
2016,omn,Cogen,2.466,F
2017,ksa,Steam,29.719199999999997,F
2017,ksa,GT,35.187,F
2017,ksa,CC,13.966999999999999,F
2017,ksa,PV,0.015717268,F
2017,ksa,Cogen,17.442000000000004,F
2017,uae,GT,6.077777517450235,F
2017,uae,CC,2.7199999999999998,F
2017,uae,PV,0.009820810000000001,F
2017,uae,CSP,0.05,F
2017,uae,Cogen,20.57,F
2017,qat,GT,1.3285041077608222,F
2017,qat,CC,2.007,F
2017,qat,Cogen,7.784,F
2017,kuw,PV,0.009820810000000001,F
2017,kuw,Cogen,18.259,F
2017,bah,Steam,1.302,F
2017,bah,GT,1.629,F
2017,bah,CC,1.94,F
2017,bah,Cogen,0.28200000000000003,F
2017,omn,CC,5.077999999999999,F
2017,omn,Cogen,2.466,F
2018,ksa,Steam,33.3592,F
2018,ksa,GT,34.650999999999996,F
2018,ksa,CC,13.966999999999999,F
2018,ksa,PV,0.015577792638,F
2018,ksa,Cogen,14.741999999999999,F
2018,uae,GT,7.14680933493698,F
2018,uae,CC,2.7199999999999998,F
2018,uae,PV,0.00973242271,F
2018,uae,CSP,0.05,F
2018,uae,Cogen,20.57,F
2018,qat,GT,1.3285041077608222,F
2018,qat,CC,2.007,F
2018,qat,Cogen,8.608,F
2018,kuw,PV,0.00973242271,F
2018,kuw,Cogen,19.787,F
2018,bah,Steam,1.302,F
2018,bah,GT,1.629,F
2018,bah,CC,1.94,F
2018,bah,Cogen,0.28200000000000003,F
2018,omn,CC,5.077999999999999,F
2018,omn,Cogen,2.466,F
2019,ksa,Steam,33.7512,F
2019,ksa,GT,43.2613851977489,F
2019,ksa,CC,16.027,F
2019,ksa,PV,0.015439562654008001,F
2019,ksa,Cogen,14.741999999999999,F
2019,uae,GT,8.034351488076124,F
2019,uae,CC,3.96,F
2019,uae,PV,0.00964483090561,F
2019,uae,CSP,0.05,F
2019,uae,Cogen,20.57,F
2019,qat,GT,3.3891135729693125,F
2019,qat,CC,2.007,F
2019,qat,Cogen,7.796,F
2019,kuw,GT,2.2631022146154294,F
2019,kuw,PV,0.00964483090561,F
2019,kuw,Cogen,19.023,F
2019,bah,Steam,1.302,F
2019,bah,GT,1.629,F
2019,bah,CC,1.94,F
2019,bah,Cogen,0.28200000000000003,F
2019,omn,CC,5.077999999999999,F
2019,omn,Cogen,2.466,F
2020,ksa,Steam,33.7512,F
2020,ksa,GT,38.8603851977489,F
2020,ksa,CC,17.531,F
2020,ksa,CCcon,5.3790000000000004,F
2020,ksa,PV,0.01530256688912318,F
2020,ksa,Cogen,14.741999999999999,F
2020,uae,GT,8.685817256448454,F
2020,uae,CC,3.96,F
2020,uae,CCcon,0.10545,F
2020,uae,PV,0.00955802742745951,F
2020,uae,CSP,0.05,F
2020,uae,Cogen,20.57,F
2020,qat,GT,3.725033663724733,F
2020,qat,CC,2.007,F
2020,qat,CCcon,0.13125,F
2020,qat,Cogen,7.796,F
2020,kuw,GT,2.8854798213222135,F
2020,kuw,PV,0.00955802742745951,F
2020,kuw,Cogen,19.622999999999998,F
2020,bah,Steam,1.302,F
2020,bah,GT,1.629,F
2020,bah,CC,1.94,F
2020,bah,Cogen,0.28200000000000003,F
2020,omn,CC,8.347,F
2020,omn,Cogen,2.466,F
2021,ksa,Steam,33.7512,F
2021,ksa,GT,38.589385197748896,F
2021,ksa,CC,24.551000000000002,F
2021,ksa,CCcon,5.3790000000000004,F
2021,ksa,PV,22.19247401317716,F
2021,ksa,Cogen,14.741999999999999,F
2021,uae,Steam,0.8280784306285673,F
2021,uae,GT,8.685817256448454,F
2021,uae,CC,3.96,F
2021,uae,CCcon,0.10545,F
2021,uae,Nuclear,5.6,F
2021,uae,PV,14.893932642544089,F
2021,uae,CSP,0.05,F
2021,uae,Cogen,27.737799616850502,F
2021,qat,Steam,1.8943723918782585,F
2021,qat,GT,3.725033663724733,F
2021,qat,CC,2.007,F
2021,qat,CCcon,0.13125,F
2021,qat,PV,7.292197555614999,F
2021,qat,Cogen,10.119593065626844,F
2021,kuw,GT,2.8854798213222135,F
2021,kuw,PV,12.070934634607008,F
2021,kuw,Cogen,22.169081078013622,F
2021,bah,Steam,1.302,F
2021,bah,GT,1.629,F
2021,bah,CC,1.94,F
2021,bah,Cogen,0.28200000000000003,F
2021,omn,GT,0.9926738961462733,F
2021,omn,CC,8.347,F
2021,omn,PV,5.172087133603458,F
2021,omn,Cogen,2.466,F
2022,ksa,Steam,33.7512,F
2022,ksa,GT,38.589385197748896,F
2022,ksa,CC,31.217853955382257,F
2022,ksa,CCcon,5.3790000000000004,F
2022,ksa,PV,22.068410537895836,F
2022,ksa,Cogen,14.741999999999999,F
2022,uae,Steam,0.8280784306285673,F
2022,uae,GT,8.685817256448454,F
2022,uae,CC,13.601694899407345,F
2022,uae,CCcon,0.10545,F
2022,uae,CoalSteam,1.8,F
2022,uae,Nuclear,5.6,F
2022,uae,PV,14.75988724876119,F
2022,uae,CSP,0.05,F
2022,uae,Cogen,27.737799616850502,F
2022,qat,Steam,1.8943723918782585,F
2022,qat,GT,3.725033663724733,F
2022,qat,CC,2.3862858996534837,F
2022,qat,CCcon,0.13125,F
2022,qat,PV,7.226567777614464,F
2022,qat,Cogen,10.119593065626844,F
2022,kuw,GT,2.8854798213222135,F
2022,kuw,CC,8.630021175075855,F
2022,kuw,PV,11.962296222895546,F
2022,kuw,Cogen,25.769081078013624,F
2022,bah,Steam,1.302,F
2022,bah,GT,1.629,F
2022,bah,CC,2.674199024943494,F
2022,bah,Cogen,0.28200000000000003,F
2022,omn,GT,0.9926738961462733,F
2022,omn,CC,10.4654268431809,F
2022,omn,PV,5.172087036285694,F
2022,omn,Cogen,2.466,F
2023,ksa,Steam,33.7512,F
2023,ksa,GT,38.589385197748896,F
2023,ksa,CC,33.2859671464544,F
2023,ksa,CCcon,5.3790000000000004,F
2023,ksa,PV,21.94508528993786,F
2023,ksa,Cogen,14.741999999999999,F
2023,uae,Steam,0.8280784306285673,F
2023,uae,GT,8.685817256448454,F
2023,uae,CC,15.947062830335348,F
2023,uae,CCcon,0.10545,F
2023,uae,CoalSteam,1.8,F
2023,uae,Nuclear,5.6,F
2023,uae,PV,14.62704826352234,F
2023,uae,CSP,0.05,F
2023,uae,Cogen,27.737799616850502,F
2023,qat,Steam,1.8943723918782585,F
2023,qat,GT,3.725033663724733,F
2023,qat,CC,2.399231473062778,F
2023,qat,CCcon,0.13125,F
2023,qat,PV,7.161528667615934,F
2023,qat,Cogen,10.119593065626844,F
2023,kuw,GT,2.8854798213222135,F
2023,kuw,CC,9.199741827932108,F
2023,kuw,PV,11.854635556889486,F
2023,kuw,Cogen,23.96908107801362,F
2023,bah,Steam,1.302,F
2023,bah,GT,1.629,F
2023,bah,CC,2.7911299368574647,F
2023,bah,Cogen,0.28200000000000003,F
2023,omn,GT,0.9926738961462733,F
2023,omn,CC,11.1654268431809,F
2023,omn,CoalSteam,1.532209202440512,F
2023,omn,PV,5.171441412053128,F
2023,omn,Cogen,2.466,F
2024,ksa,Steam,33.7512,F
2024,ksa,GT,38.589385197748896,F
2024,ksa,CC,36.054278218451415,F
2024,ksa,CCcon,5.3790000000000004,F
2024,ksa,PV,21.82249351697709,F
2024,ksa,Cogen,14.741999999999999,F
2024,uae,Steam,0.8280784306285673,F
2024,uae,GT,8.685817256448454,F
2024,uae,CC,16.772642449588716,F
2024,uae,CCcon,0.10545,F
2024,uae,CoalSteam,4.2,F
2024,uae,Nuclear,5.6,F
2024,uae,PV,14.495404829150642,F
2024,uae,CSP,0.05,F
2024,uae,Cogen,27.737799616850502,F
2024,qat,Steam,1.8943723918782585,F
2024,qat,GT,3.725033663724733,F
2024,qat,CC,3.4482694410024077,F
2024,qat,CCcon,0.13125,F
2024,qat,PV,7.09707490960739,F
2024,qat,Cogen,10.119593065626844,F
2024,kuw,GT,2.8854798213222135,F
2024,kuw,CC,10.031228170908593,F
2024,kuw,PV,11.747943836877479,F
2024,kuw,Cogen,23.96908107801362,F
2024,bah,Steam,1.302,F
2024,bah,GT,1.629,F
2024,bah,CC,2.9063288931675677,F
2024,bah,Cogen,0.28200000000000003,F
2024,omn,GT,0.9981620037415536,F
2024,omn,CC,11.1654268431809,F
2024,omn,CoalSteam,1.532209202440512,F
2024,omn,PV,5.2006815902438275,F
2024,omn,Cogen,2.466,F
2025,ksa,Steam,33.7512,F
2025,ksa,GT,38.589385197748896,F
2025,ksa,CC,39.94043504847031,F
2025,ksa,CCcon,5.3790000000000004,F
2025,ksa,PV,21.700630499999722,F
2025,ksa,Cogen,14.741999999999999,F
2025,uae,Steam,0.8280784306285673,F
2025,uae,GT,8.685817256448454,F
2025,uae,CC,17.749375917758133,F
2025,uae,CCcon,0.10545,F
2025,uae,CoalSteam,4.2,F
2025,uae,Nuclear,5.6,F
2025,uae,PV,14.364946185688284,F
2025,uae,CSP,0.05,F
2025,uae,Cogen,27.737799616850502,F
2025,qat,Steam,1.8943723918782585,F
2025,qat,GT,3.725033663724733,F
2025,qat,CC,3.979260853123284,F
2025,qat,CCcon,0.13125,F
2025,qat,PV,7.033201235420924,F
2025,qat,Cogen,10.119593065626844,F
2025,kuw,GT,2.8854798213222135,F
2025,kuw,CC,10.613083657087431,F
2025,kuw,PV,11.642212342345582,F
2025,kuw,Cogen,23.96908107801362,F
2025,bah,Steam,1.302,F
2025,bah,GT,1.629,F
2025,bah,CC,3.0746628254510187,F
2025,bah,Cogen,0.28200000000000003,F
2025,omn,GT,0.9981620037415536,F
2025,omn,CC,11.1654268431809,F
2025,omn,CoalSteam,1.532209202440512,F
2025,omn,Nuclear,0.9384706829067587,F
2025,omn,PV,5.200681492387909,F
2025,omn,Cogen,2.466,F
2026,ksa,Steam,33.7512,F
2026,ksa,GT,38.589385197748896,F
2026,ksa,CC,45.34582557944783,F
2026,ksa,CCcon,5.3790000000000004,F
2026,ksa,PV,21.57949155305177,F
2026,ksa,Cogen,14.741999999999999,F
2026,uae,Steam,0.8280784306285673,F
2026,uae,GT,8.685817256448454,F
2026,uae,CC,19.003373309327756,F
2026,uae,CCcon,0.10545,F
2026,uae,CoalSteam,4.2,F
2026,uae,Nuclear,5.6,F
2026,uae,PV,14.235661670017093,F
2026,uae,CSP,0.05,F
2026,uae,Cogen,27.737799616850502,F
2026,qat,Steam,1.8943723918782585,F
2026,qat,GT,3.725033663724733,F
2026,qat,CC,4.4714336942958015,F
2026,qat,CCcon,0.13125,F
2026,qat,PV,6.969902424302135,F
2026,qat,Cogen,10.119593065626844,F
2026,kuw,GT,2.8854798213222135,F
2026,kuw,CC,10.613083657087431,F
2026,kuw,Nuclear,0.598769874068971,F
2026,kuw,PV,13.567309530820392,F
2026,kuw,Cogen,23.96908107801362,F
2026,bah,Steam,1.302,F
2026,bah,GT,1.629,F
2026,bah,CC,3.1659735873992307,F
2026,bah,Cogen,0.28200000000000003,F
2026,omn,GT,0.9981620037415536,F
2026,omn,CC,11.1654268431809,F
2026,omn,CoalSteam,1.532209202440512,F
2026,omn,Nuclear,1.3897564872388848,F
2026,omn,PV,5.153875358956419,F
2026,omn,Cogen,2.466,F
2027,ksa,Steam,33.7512,F
2027,ksa,GT,38.589385197748896,F
2027,ksa,CC,50.88695638033693,F
2027,ksa,CCcon,5.3790000000000004,F
2027,ksa,PV,21.459072022988593,F
2027,ksa,Cogen,14.741999999999999,F
2027,uae,Steam,0.8280784306285673,F
2027,uae,GT,8.685817256448454,F
2027,uae,CC,20.00317967753682,F
2027,uae,CCcon,0.10545,F
2027,uae,CoalSteam,4.2,F
2027,uae,Nuclear,5.6,F
2027,uae,PV,14.107540714986936,F
2027,uae,CSP,0.05,F
2027,uae,Cogen,27.737799616850502,F
2027,qat,Steam,1.8943723918782585,F
2027,qat,GT,3.725033663724733,F
2027,qat,CC,4.838582153798822,F
2027,qat,CCcon,0.13125,F
2027,qat,PV,6.907173302483415,F
2027,qat,Cogen,10.119593065626844,F
2027,kuw,GT,2.8854798213222135,F
2027,kuw,CC,10.613083657087431,F
2027,kuw,Nuclear,1.4793725728691522,F
2027,kuw,PV,13.445203745043008,F
2027,kuw,Cogen,23.96908107801362,F
2027,bah,Steam,1.302,F
2027,bah,GT,1.629,F
2027,bah,CC,3.2963422848802137,F
2027,bah,Cogen,0.28200000000000003,F
2027,omn,GT,0.9981620037415536,F
2027,omn,CC,11.1654268431809,F
2027,omn,CoalSteam,1.532209202440512,F
2027,omn,Nuclear,2.274705216914003,F
2027,omn,PV,5.107490480725811,F
2027,omn,Cogen,2.466,F
2028,ksa,Steam,33.7512,F
2028,ksa,GT,38.589385197748896,F
2028,ksa,CC,55.472422823404195,F
2028,ksa,CCcon,5.3790000000000004,F
2028,ksa,PV,21.339367289226416,F
2028,ksa,Cogen,14.741999999999999,F
2028,uae,Steam,0.8280784306285673,F
2028,uae,GT,8.685817256448454,F
2028,uae,CC,20.856026371237736,F
2028,uae,CCcon,0.10545,F
2028,uae,CoalSteam,4.2,F
2028,uae,Nuclear,5.6,F
2028,uae,PV,13.980572848552054,F
2028,uae,CSP,0.05,F
2028,uae,Cogen,27.737799616850502,F
2028,qat,Steam,1.8943723918782585,F
2028,qat,GT,3.725033663724733,F
2028,qat,CC,5.538773248204823,F
2028,qat,CCcon,0.13125,F
2028,qat,PV,6.845008742761065,F
2028,qat,Cogen,10.119593065626844,F
2028,kuw,GT,2.8854798213222135,F
2028,kuw,CC,10.613083657087431,F
2028,kuw,Nuclear,2.519310014497921,F
2028,kuw,PV,13.32419691133762,F
2028,kuw,Cogen,23.96908107801362,F
2028,bah,Steam,1.302,F
2028,bah,GT,1.629,F
2028,bah,CC,3.393042798243819,F
2028,bah,Cogen,0.28200000000000003,F
2028,omn,GT,0.9981620037415536,F
2028,omn,CC,11.1654268431809,F
2028,omn,CoalSteam,1.532209202440512,F
2028,omn,Nuclear,2.7900846644079484,F
2028,omn,PV,5.061523066399278,F
2028,omn,Cogen,2.466,F
2029,ksa,Steam,33.7512,F
2029,ksa,GT,38.589385197748896,F
2029,ksa,CC,59.24058972855455,F
2029,ksa,CCcon,5.3790000000000004,F
2029,ksa,PV,21.22037276349587,F
2029,ksa,Cogen,14.741999999999999,F
2029,uae,Steam,0.8280784306285673,F
2029,uae,GT,8.685817256448454,F
2029,uae,CC,21.7812431639228,F
2029,uae,CCcon,0.10545,F
2029,uae,CoalSteam,4.2,F
2029,uae,Nuclear,5.6,F
2029,uae,PV,13.854747692915087,F
2029,uae,CSP,0.05,F
2029,uae,Cogen,27.737799616850502,F
2029,qat,Steam,1.8943723918782585,F
2029,qat,GT,3.725033663724733,F
2029,qat,CC,5.837724924146602,F
2029,qat,CCcon,0.13125,F
2029,qat,PV,6.783403664076215,F
2029,qat,Cogen,10.119593065626844,F
2029,kuw,GT,2.8854798213222135,F
2029,kuw,CC,10.613083657087431,F
2029,kuw,Nuclear,3.8776712277509664,F
2029,kuw,PV,13.204279139135581,F
2029,kuw,Cogen,23.96908107801362,F
2029,bah,Steam,1.302,F
2029,bah,GT,1.629,F
2029,bah,CC,3.5046187582711896,F
2029,bah,Cogen,0.28200000000000003,F
2029,omn,GT,0.9981620037415536,F
2029,omn,CC,11.1654268431809,F
2029,omn,CoalSteam,1.532209202440512,F
2029,omn,Nuclear,3.161836066837717,F
2029,omn,PV,5.0159693588016845,F
2029,omn,Cogen,2.466,F
2030,ksa,Steam,33.7512,F
2030,ksa,GT,38.589385197748896,F
2030,ksa,CC,63.152741028952164,F
2030,ksa,CCcon,5.3790000000000004,F
2030,ksa,PV,21.10208388959754,F
2030,ksa,Cogen,14.741999999999999,F
2030,uae,Steam,0.8280784306285673,F
2030,uae,GT,8.685817256448454,F
2030,uae,CC,22.856294212336515,F
2030,uae,CCcon,0.10545,F
2030,uae,CoalSteam,4.2,F
2030,uae,Nuclear,5.6,F
2030,uae,PV,13.73005496367885,F
2030,uae,CSP,0.05,F
2030,uae,Cogen,27.737799616850502,F
2030,qat,Steam,1.8943723918782585,F
2030,qat,GT,3.725033663724733,F
2030,qat,CC,6.137211577674055,F
2030,qat,CCcon,0.13125,F
2030,qat,PV,6.722353031099529,F
2030,qat,Cogen,10.119593065626844,F
2030,kuw,GT,2.8854798213222135,F
2030,kuw,CC,10.613083657087431,F
2030,kuw,Nuclear,5.217284344935469,F
2030,kuw,PV,13.08544062688336,F
2030,kuw,Cogen,23.96908107801362,F
2030,bah,Steam,1.302,F
2030,bah,GT,1.629,F
2030,bah,CC,3.603616696149424,F
2030,bah,Cogen,0.28200000000000003,F
2030,omn,GT,0.9981620037415536,F
2030,omn,CC,11.1654268431809,F
2030,omn,CoalSteam,1.532209202440512,F
2030,omn,Nuclear,3.59238952604816,F
2030,omn,PV,4.970825634572469,F
2030,omn,Cogen,2.466,F
2015,ksa,Steam,25.339199999999998,G
2015,ksa,GT,35.86,G
2015,ksa,CC,10.04,G
2015,ksa,PV,0.016,G
2015,ksa,Cogen,9.392000000000001,G
2015,uae,GT,5.702999999999999,G
2015,uae,CC,2.38,G
2015,uae,PV,0.01,G
2015,uae,CSP,0.05,G
2015,uae,Cogen,20.57,G
2015,qat,GT,1.2515,G
2015,qat,CC,2.007,G
2015,qat,Cogen,6.184,G
2015,kuw,PV,0.01,G
2015,kuw,Cogen,18.259,G
2015,bah,Steam,1.302,G
2015,bah,GT,1.629,G
2015,bah,CC,1.94,G
2015,bah,Cogen,0.28200000000000003,G
2015,omn,CC,4.957,G
2015,omn,Cogen,2.466,G
2016,ksa,Steam,25.339199999999998,G
2016,ksa,GT,35.619,G
2016,ksa,CC,10.04,G
2016,ksa,PV,0.015858,G
2016,ksa,Cogen,14.692000000000002,G
2016,uae,GT,5.702999999999999,G
2016,uae,CC,2.38,G
2016,uae,PV,0.00991,G
2016,uae,CSP,0.05,G
2016,uae,Cogen,20.57,G
2016,qat,GT,1.3285041077608222,G
2016,qat,CC,2.007,G
2016,qat,Cogen,6.184,G
2016,kuw,PV,0.00991,G
2016,kuw,Cogen,18.259,G
2016,bah,Steam,1.302,G
2016,bah,GT,1.629,G
2016,bah,CC,1.94,G
2016,bah,Cogen,0.28200000000000003,G
2016,omn,CC,4.957,G
2016,omn,Cogen,2.466,G
2017,ksa,Steam,29.719199999999997,G
2017,ksa,GT,35.187,G
2017,ksa,CC,13.966999999999999,G
2017,ksa,PV,0.015717268,G
2017,ksa,Cogen,17.442000000000004,G
2017,uae,GT,6.077777517450235,G
2017,uae,CC,2.7199999999999998,G
2017,uae,PV,0.009820810000000001,G
2017,uae,CSP,0.05,G
2017,uae,Cogen,20.57,G
2017,qat,GT,1.3285041077608222,G
2017,qat,CC,2.007,G
2017,qat,Cogen,7.784,G
2017,kuw,PV,0.009820810000000001,G
2017,kuw,Cogen,18.259,G
2017,bah,Steam,1.302,G
2017,bah,GT,1.629,G
2017,bah,CC,1.94,G
2017,bah,Cogen,0.28200000000000003,G
2017,omn,CC,5.077999999999999,G
2017,omn,Cogen,2.466,G
2018,ksa,Steam,33.3592,G
2018,ksa,GT,34.650999999999996,G
2018,ksa,CC,13.966999999999999,G
2018,ksa,PV,0.015577792638,G
2018,ksa,Cogen,14.741999999999999,G
2018,uae,GT,7.14680933493698,G
2018,uae,CC,2.7199999999999998,G
2018,uae,PV,0.00973242271,G
2018,uae,CSP,0.05,G
2018,uae,Cogen,20.57,G
2018,qat,GT,1.3285041077608222,G
2018,qat,CC,2.007,G
2018,qat,Cogen,8.608,G
2018,kuw,PV,0.00973242271,G
2018,kuw,Cogen,19.787,G
2018,bah,Steam,1.302,G
2018,bah,GT,1.629,G
2018,bah,CC,1.94,G
2018,bah,Cogen,0.28200000000000003,G
2018,omn,CC,5.077999999999999,G
2018,omn,Cogen,2.466,G
2019,ksa,Steam,33.7512,G
2019,ksa,GT,43.261385200141994,G
2019,ksa,CC,16.027,G
2019,ksa,PV,0.015439562654008001,G
2019,ksa,Cogen,14.741999999999999,G
2019,uae,GT,7.490013852226115,G
2019,uae,CC,3.96,G
2019,uae,PV,0.00964483090561,G
2019,uae,CSP,0.05,G
2019,uae,Cogen,20.57,G
2019,qat,GT,3.1371009822155393,G
2019,qat,CC,2.007,G
2019,qat,Cogen,7.796,G
2019,kuw,GT,1.7040600795572143,G
2019,kuw,PV,0.00964483090561,G
2019,kuw,Cogen,19.023,G
2019,bah,Steam,1.302,G
2019,bah,GT,1.629,G
2019,bah,CC,1.94,G
2019,bah,Cogen,0.28200000000000003,G
2019,omn,CC,5.077999999999999,G
2019,omn,Cogen,2.466,G
2020,ksa,Steam,33.7512,G
2020,ksa,GT,38.86038520014199,G
2020,ksa,CC,17.531,G
2020,ksa,CCcon,5.3790000000000004,G
2020,ksa,PV,0.01530256688912318,G
2020,ksa,Cogen,14.741999999999999,G
2020,uae,GT,8.09816132504537,G
2020,uae,CC,3.96,G
2020,uae,CCcon,0.10545,G
2020,uae,PV,0.00955802742745951,G
2020,uae,CSP,0.05,G
2020,uae,Cogen,20.57,G
2020,qat,GT,3.4604202058463334,G
2020,qat,CC,2.007,G
2020,qat,CCcon,0.13125,G
2020,qat,Cogen,7.796,G
2020,kuw,GT,2.1972528871803165,G
2020,kuw,PV,0.00955802742745951,G
2020,kuw,Cogen,19.622999999999998,G
2020,bah,Steam,1.302,G
2020,bah,GT,1.629,G
2020,bah,CC,1.94,G
2020,bah,Cogen,0.28200000000000003,G
2020,omn,CC,8.347,G
2020,omn,Cogen,2.466,G
2021,ksa,Steam,33.7512,G
2021,ksa,GT,38.58938520014199,G
2021,ksa,CC,24.551000000000002,G
2021,ksa,CCcon,5.3790000000000004,G
2021,ksa,PV,22.164150481570093,G
2021,ksa,Cogen,15.086462801009361,G
2021,uae,GT,8.09816132504537,G
2021,uae,CC,3.96,G
2021,uae,CCcon,0.10545,G
2021,uae,Nuclear,5.6,G
2021,uae,PV,13.543827557267393,G
2021,uae,CSP,0.05,G
2021,uae,Cogen,27.282080034807265,G
2021,qat,GT,3.4604202058463334,G
2021,qat,CC,2.007,G
2021,qat,CCcon,0.13125,G
2021,qat,PV,5.8084806681164824,G
2021,qat,Cogen,8.706432189903714,G
2021,kuw,GT,2.1972528871803165,G
2021,kuw,PV,11.441635969993396,G
2021,kuw,Cogen,22.294397649406385,G
2021,bah,Steam,1.302,G
2021,bah,GT,1.629,G
2021,bah,CC,1.94,G
2021,bah,Cogen,0.28200000000000003,G
2021,omn,GT,0.9161634769246395,G
2021,omn,CC,8.347,G
2021,omn,PV,4.773448108061743,G
2021,omn,Cogen,2.466,G
2022,ksa,Steam,33.7512,G
2022,ksa,GT,38.58938520014199,G
2022,ksa,CC,30.84424259233283,G
2022,ksa,CCcon,5.3790000000000004,G
2022,ksa,PV,22.042363146852725,G
2022,ksa,Cogen,15.086462801009361,G
2022,uae,GT,8.09816132504537,G
2022,uae,CC,14.57811903789267,G
2022,uae,CCcon,0.10545,G
2022,uae,CoalSteam,1.8,G
2022,uae,Nuclear,5.6,G
2022,uae,PV,13.421933109251984,G
2022,uae,CSP,0.05,G
2022,uae,Cogen,27.282080034807265,G
2022,qat,GT,3.4604202058463334,G
2022,qat,CC,3.2154616339104,G
2022,qat,CCcon,0.13125,G
2022,qat,PV,5.756204342103434,G
2022,qat,Cogen,8.706432189903714,G
2022,kuw,GT,2.1972528871803165,G
2022,kuw,CC,8.502580594287773,G
2022,kuw,PV,11.338661246263456,G
2022,kuw,Cogen,25.894397649406386,G
2022,bah,Steam,1.302,G
2022,bah,GT,1.629,G
2022,bah,CC,2.5624791824269106,G
2022,bah,Cogen,0.28200000000000003,G
2022,omn,GT,0.9161634769246395,G
2022,omn,CC,10.505782536605167,G
2022,omn,PV,4.77344801828128,G
2022,omn,Cogen,2.466,G
2023,ksa,Steam,33.7512,G
2023,ksa,GT,38.58938520014199,G
2023,ksa,CC,33.16964020430385,G
2023,ksa,CCcon,5.3790000000000004,G
2023,ksa,PV,21.92128344804973,G
2023,ksa,Cogen,15.086462801009361,G
2023,uae,GT,8.09816132504537,G
2023,uae,CC,14.57811903789267,G
2023,uae,CCcon,0.10545,G
2023,uae,CoalSteam,1.8,G
2023,uae,Nuclear,5.6,G
2023,uae,PV,13.301135711268717,G
2023,uae,CSP,0.05,G
2023,uae,Cogen,27.282080034807265,G
2023,qat,GT,3.4604202058463334,G
2023,qat,CC,3.2154616339104,G
2023,qat,CCcon,0.13125,G
2023,qat,PV,5.704398503024503,G
2023,qat,Cogen,8.706432189903714,G
2023,kuw,GT,2.1972528871803165,G
2023,kuw,CC,8.502580594287773,G
2023,kuw,CoalSteam,4.677835721736832,G
2023,kuw,PV,11.236613295047086,G
2023,kuw,Cogen,24.094397649406382,G
2023,bah,Steam,1.302,G
2023,bah,GT,1.629,G
2023,bah,CC,2.679410094340889,G
2023,bah,Cogen,0.28200000000000003,G
2023,omn,GT,0.9161634769246395,G
2023,omn,CC,11.205782536605168,G
2023,omn,CoalSteam,4.234559998851944,G
2023,omn,PV,4.730486986116748,G
2023,omn,Cogen,2.466,G
2024,ksa,Steam,33.7512,G
2024,ksa,GT,38.58938520014199,G
2024,ksa,CC,36.99499079770557,G
2024,ksa,CCcon,5.3790000000000004,G
2024,ksa,PV,21.800906958688373,G
2024,ksa,Cogen,15.086462801009361,G
2024,uae,GT,8.09816132504537,G
2024,uae,CC,14.57811903789267,G
2024,uae,CCcon,0.10545,G
2024,uae,CoalSteam,4.2,G
2024,uae,Nuclear,5.6,G
2024,uae,PV,13.181425489867298,G
2024,uae,CSP,0.05,G
2024,uae,Cogen,27.282080034807265,G
2024,qat,GT,3.4604202058463334,G
2024,qat,CC,3.2154616339104,G
2024,qat,CCcon,0.13125,G
2024,qat,PV,5.653058916497283,G
2024,qat,Cogen,8.706432189903714,G
2024,kuw,GT,2.1972528871803165,G
2024,kuw,CC,8.502580594287773,G
2024,kuw,CoalSteam,5.300432739645826,G
2024,kuw,PV,11.135483775391661,G
2024,kuw,Cogen,24.094397649406382,G
2024,bah,Steam,1.302,G
2024,bah,GT,1.629,G
2024,bah,CC,2.794609050650968,G
2024,bah,Cogen,0.28200000000000003,G
2024,omn,GT,0.9161634769246395,G
2024,omn,CC,11.205782536605168,G
2024,omn,CoalSteam,4.38639204961638,G
2024,omn,PV,4.687912603241697,G
2024,omn,Cogen,2.466,G
2025,ksa,Steam,33.7512,G
2025,ksa,GT,38.58938520014199,G
2025,ksa,CC,40.60716995143467,G
2025,ksa,CCcon,5.3790000000000004,G
2025,ksa,PV,21.68122928242291,G
2025,ksa,Cogen,15.086462801009361,G
2025,uae,GT,8.09816132504537,G
2025,uae,CC,14.57811903789267,G
2025,uae,CCcon,0.10545,G
2025,uae,CoalSteam,4.2,G
2025,uae,Nuclear,5.6,G
2025,uae,PV,13.062792660458491,G
2025,uae,CSP,0.05,G
2025,uae,Cogen,27.282080034807265,G
2025,qat,GT,3.4604202058463334,G
2025,qat,CC,3.2154616339104,G
2025,qat,CCcon,0.13125,G
2025,qat,PV,5.602181386248808,G
2025,qat,Cogen,8.706432189903714,G
2025,kuw,GT,2.1972528871803165,G
2025,kuw,CC,8.502580594287773,G
2025,kuw,CoalSteam,5.926391103066059,G
2025,kuw,PV,11.035264421413137,G
2025,kuw,Cogen,24.094397649406382,G
2025,bah,Steam,1.302,G
2025,bah,GT,1.629,G
2025,bah,CC,2.962942982943243,G
2025,bah,Cogen,0.28200000000000003,G
2025,omn,GT,0.9161634769246395,G
2025,omn,CC,11.205782536605168,G
2025,omn,CoalSteam,4.5684279069133815,G
2025,omn,PV,4.645721389812522,G
2025,omn,Cogen,2.466,G
2026,ksa,Steam,33.7512,G
2026,ksa,GT,38.58938520014199,G
2026,ksa,CC,46.2063189406244,G
2026,ksa,CCcon,5.3790000000000004,G
2026,ksa,PV,21.562246052812018,G
2026,ksa,Cogen,15.086462801009361,G
2026,uae,GT,8.09816132504537,G
2026,uae,CC,14.57811903789267,G
2026,uae,CCcon,0.10545,G
2026,uae,CoalSteam,4.2,G
2026,uae,Nuclear,5.6,G
2026,uae,PV,12.945227526514365,G
2026,uae,CSP,0.05,G
2026,uae,Cogen,27.282080034807265,G
2026,qat,GT,3.4604202058463334,G
2026,qat,CC,3.2154616339104,G
2026,qat,CCcon,0.13125,G
2026,qat,PV,5.551761753772569,G
2026,qat,Cogen,8.706432189903714,G
2026,kuw,GT,2.1972528871803165,G
2026,kuw,CC,8.502580594287773,G
2026,kuw,CoalSteam,6.5491368567471335,G
2026,kuw,PV,10.935947041620418,G
2026,kuw,Cogen,24.094397649406382,G
2026,bah,Steam,1.302,G
2026,bah,GT,1.629,G
2026,bah,CC,3.0542537448826543,G
2026,bah,Cogen,0.28200000000000003,G
2026,omn,GT,0.9161634769246395,G
2026,omn,CC,11.205782536605168,G
2026,omn,CoalSteam,4.720246017989581,G
2026,omn,PV,4.603909897304209,G
2026,omn,Cogen,2.466,G
2027,ksa,Steam,33.7512,G
2027,ksa,GT,38.58938520014199,G
2027,ksa,CC,50.63762010569285,G
2027,ksa,CCcon,5.3790000000000004,G
2027,ksa,PV,21.443952933097975,G
2027,ksa,Cogen,15.086462801009361,G
2027,uae,GT,8.09816132504537,G
2027,uae,CC,14.57811903789267,G
2027,uae,CCcon,0.10545,G
2027,uae,CoalSteam,4.2,G
2027,uae,Nuclear,5.6,G
2027,uae,PV,12.828720478775738,G
2027,uae,CSP,0.05,G
2027,uae,Cogen,27.282080034807265,G
2027,qat,GT,3.4604202058463334,G
2027,qat,CC,3.466373011521414,G
2027,qat,CCcon,0.13125,G
2027,qat,PV,5.5017958979886155,G
2027,qat,Cogen,8.706432189903714,G
2027,kuw,GT,2.1972528871803165,G
2027,kuw,CC,8.502580594287773,G
2027,kuw,CoalSteam,7.260844717989406,G
2027,kuw,PV,10.837523518245835,G
2027,kuw,Cogen,24.094397649406382,G
2027,bah,Steam,1.302,G
2027,bah,GT,1.629,G
2027,bah,CC,3.184622442363631,G
2027,bah,Cogen,0.28200000000000003,G
2027,omn,GT,0.9161634769246395,G
2027,omn,CC,11.205782536605168,G
2027,omn,CoalSteam,5.004814370954637,G
2027,omn,PV,4.562474708228471,G
2027,omn,Cogen,2.466,G
2028,ksa,Steam,33.7512,G
2028,ksa,GT,38.58938520014199,G
2028,ksa,CC,55.05073928621712,G
2028,ksa,CCcon,5.3790000000000004,G
2028,ksa,PV,21.32634561598755,G
2028,ksa,Cogen,15.086462801009361,G
2028,uae,GT,8.09816132504537,G
2028,uae,CC,14.57811903789267,G
2028,uae,CCcon,0.10545,G
2028,uae,CoalSteam,4.20000001990354,G
2028,uae,Nuclear,5.6,G
2028,uae,PV,12.713261994466754,G
2028,uae,CSP,0.05,G
2028,uae,Cogen,27.28208007803392,G
2028,qat,GT,3.4604202058463334,G
2028,qat,CC,3.559508170887906,G
2028,qat,CCcon,0.13125,G
2028,qat,PV,5.452279734906718,G
2028,qat,Cogen,8.706432189903714,G
2028,kuw,GT,2.1972528871803165,G
2028,kuw,CC,8.502580594287773,G
2028,kuw,CoalSteam,7.97255248693094,G
2028,kuw,PV,10.73998580658162,G
2028,kuw,Cogen,24.094397649406382,G
2028,bah,Steam,1.302,G
2028,bah,GT,1.629,G
2028,bah,CC,3.2813229557272034,G
2028,bah,Cogen,0.28200000000000003,G
2028,omn,GT,0.9161634769246395,G
2028,omn,CC,11.205782536605168,G
2028,omn,CoalSteam,5.335014700178536,G
2028,omn,PV,4.521412435854415,G
2028,omn,Cogen,2.466000023254659,G
2029,ksa,Steam,33.7512,G
2029,ksa,GT,38.58938520014199,G
2029,ksa,CC,59.15249184299854,G
2029,ksa,CCcon,5.3790000000000004,G
2029,ksa,PV,21.20941982343468,G
2029,ksa,Cogen,15.086462801009361,G
2029,uae,GT,8.09816132504537,G
2029,uae,CC,14.57811903789267,G
2029,uae,CCcon,0.10545,G
2029,uae,CoalSteam,4.20000001990354,G
2029,uae,Nuclear,5.6,G
2029,uae,PV,12.598842636516553,G
2029,uae,CSP,0.05,G
2029,uae,Cogen,27.28208007803392,G
2029,qat,GT,3.4604202058463334,G
2029,qat,CC,3.7650506688656766,G
2029,qat,CCcon,0.13125,G
2029,qat,PV,5.403209217292557,G
2029,qat,Cogen,8.706432189903714,G
2029,kuw,GT,2.1972528871803165,G
2029,kuw,CC,8.502580594287773,G
2029,kuw,CoalSteam,8.77322236510588,G
2029,kuw,PV,10.643325934322386,G
2029,kuw,Cogen,24.094397649406382,G
2029,bah,Steam,1.302,G
2029,bah,GT,1.629,G
2029,bah,CC,3.392898915754123,G
2029,bah,Cogen,0.28200000000000003,G
2029,omn,GT,0.9161634769246395,G
2029,omn,CC,11.205782536605168,G
2029,omn,CoalSteam,5.620749916075091,G
2029,omn,PV,4.480719723931726,G
2029,omn,Cogen,2.466000023254659,G
2030,ksa,Steam,33.7512,G
2030,ksa,GT,38.58938520014199,G
2030,ksa,CC,63.083855901869555,G
2030,ksa,CCcon,5.3790000000000004,G
2030,ksa,PV,21.093171306424832,G
2030,ksa,Cogen,15.086462801009361,G
2030,uae,GT,8.09816132504537,G
2030,uae,CC,14.57811903789267,G
2030,uae,CCcon,0.10545,G
2030,uae,CoalSteam,4.20000001990354,G
2030,uae,Nuclear,5.6,G
2030,uae,PV,12.485453052787905,G
2030,uae,CSP,0.05,G
2030,uae,Cogen,27.28208007803392,G
2030,qat,GT,3.4604202058463334,G
2030,qat,CC,4.166017493713572,G
2030,qat,CCcon,0.13125,G
2030,qat,PV,5.354580334336924,G
2030,qat,Cogen,8.706432189903714,G
2030,kuw,GT,2.1972528871803165,G
2030,kuw,CC,8.502580594287773,G
2030,kuw,CoalSteam,9.505807909366863,G
2030,kuw,PV,10.547536000913484,G
2030,kuw,Cogen,24.094397649406382,G
2030,bah,Steam,1.302,G
2030,bah,GT,1.629,G
2030,bah,CC,3.491896853632894,G
2030,bah,Cogen,0.28200000000000003,G
2030,omn,GT,0.9161634769246395,G
2030,omn,CC,11.205782536605168,G
2030,omn,CoalSteam,5.929565090468059,G
2030,omn,PV,4.44039324641634,G
2030,omn,Cogen,2.466000023254659,G
2015,ksa,Steam,25.339199999999998,H
2015,ksa,GT,35.86,H
2015,ksa,CC,10.04,H
2015,ksa,PV,0.016,H
2015,ksa,Cogen,9.392000000000001,H
2015,uae,GT,5.702999999999999,H
2015,uae,CC,2.38,H
2015,uae,PV,0.01,H
2015,uae,CSP,0.05,H
2015,uae,Cogen,20.57,H
2015,qat,GT,1.2515,H
2015,qat,CC,2.007,H
2015,qat,Cogen,6.184,H
2015,kuw,PV,0.01,H
2015,kuw,Cogen,18.259,H
2015,bah,Steam,1.302,H
2015,bah,GT,1.629,H
2015,bah,CC,1.94,H
2015,bah,Cogen,0.28200000000000003,H
2015,omn,CC,4.957,H
2015,omn,Cogen,2.466,H
2016,ksa,Steam,25.339199999999998,H
2016,ksa,GT,35.619,H
2016,ksa,CC,10.04,H
2016,ksa,PV,0.015858,H
2016,ksa,Cogen,14.692000000000002,H
2016,uae,GT,5.702999999999999,H
2016,uae,CC,2.38,H
2016,uae,PV,0.00991,H
2016,uae,CSP,0.05,H
2016,uae,Cogen,20.57,H
2016,qat,GT,1.3285041077608222,H
2016,qat,CC,2.007,H
2016,qat,Cogen,6.184,H
2016,kuw,PV,0.00991,H
2016,kuw,Cogen,18.259,H
2016,bah,Steam,1.302,H
2016,bah,GT,1.629,H
2016,bah,CC,1.94,H
2016,bah,Cogen,0.28200000000000003,H
2016,omn,CC,4.957,H
2016,omn,Cogen,2.466,H
2017,ksa,Steam,29.719199999999997,H
2017,ksa,GT,35.187,H
2017,ksa,CC,13.966999999999999,H
2017,ksa,PV,0.015717268,H
2017,ksa,Cogen,17.442000000000004,H
2017,uae,GT,6.077777517450235,H
2017,uae,CC,2.7199999999999998,H
2017,uae,PV,0.009820810000000001,H
2017,uae,CSP,0.05,H
2017,uae,Cogen,20.57,H
2017,qat,GT,1.3285041077608222,H
2017,qat,CC,2.007,H
2017,qat,Cogen,7.784,H
2017,kuw,PV,0.009820810000000001,H
2017,kuw,Cogen,18.259,H
2017,bah,Steam,1.302,H
2017,bah,GT,1.629,H
2017,bah,CC,1.94,H
2017,bah,Cogen,0.28200000000000003,H
2017,omn,CC,5.077999999999999,H
2017,omn,Cogen,2.466,H
2018,ksa,Steam,33.3592,H
2018,ksa,GT,34.650999999999996,H
2018,ksa,CC,13.966999999999999,H
2018,ksa,PV,0.015577792638,H
2018,ksa,Cogen,14.741999999999999,H
2018,uae,GT,7.14680933493698,H
2018,uae,CC,2.7199999999999998,H
2018,uae,PV,0.00973242271,H
2018,uae,CSP,0.05,H
2018,uae,Cogen,20.57,H
2018,qat,GT,1.3285041077608222,H
2018,qat,CC,2.007,H
2018,qat,Cogen,8.608,H
2018,kuw,PV,0.00973242271,H
2018,kuw,Cogen,19.787,H
2018,bah,Steam,1.302,H
2018,bah,GT,1.629,H
2018,bah,CC,1.94,H
2018,bah,Cogen,0.28200000000000003,H
2018,omn,CC,5.077999999999999,H
2018,omn,Cogen,2.466,H
2019,ksa,Steam,33.7512,H
2019,ksa,GT,43.26138516715656,H
2019,ksa,CC,16.027,H
2019,ksa,PV,0.015439562654008001,H
2019,ksa,Cogen,14.741999999999999,H
2019,uae,GT,7.14680933493698,H
2019,uae,CC,3.96,H
2019,uae,PV,0.00964483090561,H
2019,uae,CSP,0.05,H
2019,uae,Cogen,20.57,H
2019,qat,GT,2.131663828773532,H
2019,qat,CC,2.007,H
2019,qat,Cogen,7.796,H
2019,kuw,GT,1.538829653846728,H
2019,kuw,PV,0.00964483090561,H
2019,kuw,Cogen,19.023,H
2019,bah,Steam,1.302,H
2019,bah,GT,1.629,H
2019,bah,CC,1.94,H
2019,bah,Cogen,0.28200000000000003,H
2019,omn,CC,5.077999999999999,H
2019,omn,Cogen,2.466,H
2020,ksa,Steam,33.7512,H
2020,ksa,GT,38.860385167156565,H
2020,ksa,CC,17.531,H
2020,ksa,CCcon,5.3790000000000004,H
2020,ksa,PV,0.01530256688912318,H
2020,ksa,Cogen,14.741999999999999,H
2020,uae,GT,8.074234616319204,H
2020,uae,CC,3.96,H
2020,uae,CCcon,0.10545,H
2020,uae,PV,0.00955802742745951,H
2020,uae,CSP,0.05,H
2020,uae,Cogen,20.57,H
2020,qat,GT,2.8241242313452077,H
2020,qat,CC,2.007,H
2020,qat,CCcon,0.13125,H
2020,qat,Cogen,7.796,H
2020,kuw,GT,2.250593066569083,H
2020,kuw,PV,0.00955802742745951,H
2020,kuw,Cogen,19.622999999999998,H
2020,bah,Steam,1.302,H
2020,bah,GT,1.629,H
2020,bah,CC,1.94,H
2020,bah,Cogen,0.28200000000000003,H
2020,omn,CC,8.347,H
2020,omn,Cogen,2.466,H
2021,ksa,Steam,33.7512,H
2021,ksa,GT,38.589385167156564,H
2021,ksa,CC,24.551000000000002,H
2021,ksa,CCcon,5.3790000000000004,H
2021,ksa,PV,29.18596823120163,H
2021,ksa,Cogen,14.741999999999999,H
2021,uae,Steam,1.0254526970512408,H
2021,uae,GT,8.074234616319204,H
2021,uae,CC,3.96,H
2021,uae,CCcon,0.10545,H
2021,uae,Nuclear,5.6,H
2021,uae,PV,15.384874473164208,H
2021,uae,CSP,0.05,H
2021,uae,Cogen,26.39319166775032,H
2021,qat,Steam,2.9741928898389913,H
2021,qat,GT,2.8241242313452077,H
2021,qat,CC,2.007,H
2021,qat,CCcon,0.13125,H
2021,qat,PV,8.00527005106361,H
2021,qat,Cogen,8.648148656368202,H
2021,kuw,GT,2.250593066569083,H
2021,kuw,PV,10.081353359133615,H
2021,kuw,Cogen,20.012694640596376,H
2021,bah,Steam,1.302,H
2021,bah,GT,1.629,H
2021,bah,CC,1.94,H
2021,bah,Cogen,0.28200000000000003,H
2021,omn,GT,1.0144397657862492,H
2021,omn,CC,8.347,H
2021,omn,PV,5.285492930756584,H
2021,omn,Cogen,2.466,H
2022,ksa,Steam,33.7512,H
2022,ksa,GT,38.589385167156564,H
2022,ksa,CC,29.951,H
2022,ksa,CCcon,5.3790000000000004,H
2022,ksa,PV,29.001900597597945,H
2022,ksa,Cogen,14.741999999999999,H
2022,uae,Steam,1.0254526970512408,H
2022,uae,GT,8.074234616319204,H
2022,uae,CC,15.750630773963305,H
2022,uae,CCcon,0.10545,H
2022,uae,CoalSteam,1.8,H
2022,uae,Nuclear,5.6,H
2022,uae,PV,15.246410602905732,H
2022,uae,CSP,0.05,H
2022,uae,Cogen,26.39319166775032,H
2022,qat,Steam,2.9741928898389913,H
2022,qat,GT,2.8241242313452077,H
2022,qat,CC,2.386287915058157,H
2022,qat,CCcon,0.13125,H
2022,qat,PV,7.933222620604037,H
2022,qat,Cogen,8.648148656368202,H
2022,kuw,GT,2.250593066569083,H
2022,kuw,CC,9.467024331771382,H
2022,kuw,PV,9.990621178901414,H
2022,kuw,Cogen,23.612694640596377,H
2022,bah,Steam,1.302,H
2022,bah,GT,1.629,H
2022,bah,CC,2.3728590661946436,H
2022,bah,Cogen,0.28200000000000003,H
2022,omn,GT,1.0144397657862492,H
2022,omn,CC,10.002166603536832,H
2022,omn,PV,5.283540446803339,H
2022,omn,Cogen,2.466,H
2023,ksa,Steam,33.7512,H
2023,ksa,GT,38.589385167156564,H
2023,ksa,CC,29.951,H
2023,ksa,CCcon,5.3790000000000004,H
2023,ksa,PV,28.81909654229431,H
2023,ksa,Cogen,14.741999999999999,H
2023,uae,Steam,1.0254526970512408,H
2023,uae,GT,8.074234616319204,H
2023,uae,CC,17.00788326311165,H
2023,uae,CCcon,0.10545,H
2023,uae,CoalSteam,1.8,H
2023,uae,Nuclear,5.6,H
2023,uae,PV,15.109192907479578,H
2023,uae,CSP,0.05,H
2023,uae,Cogen,26.39319166775032,H
2023,qat,Steam,2.9741928898389913,H
2023,qat,GT,2.8241242313452077,H
2023,qat,CC,2.386287915058157,H
2023,qat,CCcon,0.13125,H
2023,qat,PV,7.861823617018601,H
2023,qat,Cogen,8.648148656368202,H
2023,kuw,GT,2.250593066569083,H
2023,kuw,CC,10.0367449844938,H
2023,kuw,PV,9.92524834542235,H
2023,kuw,Cogen,21.812694640596373,H
2023,bah,Steam,1.302,H
2023,bah,GT,1.629,H
2023,bah,CC,2.4954827443686725,H
2023,bah,Cogen,0.28200000000000003,H
2023,omn,GT,1.0144397657862492,H
2023,omn,CC,10.702166603536833,H
2023,omn,CoalSteam,1.4877778186697483,H
2023,omn,PV,5.235988582782109,H
2023,omn,Cogen,2.466,H
2024,ksa,Steam,33.7512,H
2024,ksa,GT,38.589385167156564,H
2024,ksa,CC,33.09984835066283,H
2024,ksa,CCcon,5.3790000000000004,H
2024,ksa,PV,28.637546658238037,H
2024,ksa,Cogen,14.741999999999999,H
2024,uae,Steam,1.0254526970512408,H
2024,uae,GT,8.074234616319204,H
2024,uae,CC,17.891058351710164,H
2024,uae,CCcon,0.10545,H
2024,uae,CoalSteam,4.2,H
2024,uae,Nuclear,5.6,H
2024,uae,PV,14.973210171312262,H
2024,uae,CSP,0.05,H
2024,uae,Cogen,26.39319166775032,H
2024,qat,Steam,2.9741928898389913,H
2024,qat,GT,2.8241242313452077,H
2024,qat,CC,3.2807321179222537,H
2024,qat,CCcon,0.13125,H
2024,qat,PV,7.791067204465433,H
2024,qat,Cogen,8.648148656368202,H
2024,kuw,GT,2.250593066569083,H
2024,kuw,CC,10.606465637476983,H
2024,kuw,PV,11.328004201640736,H
2024,kuw,Cogen,21.812694640596373,H
2024,bah,Steam,1.302,H
2024,bah,GT,1.629,H
2024,bah,CC,2.5365022340821803,H
2024,bah,Cogen,0.28200000000000003,H
2024,omn,GT,1.0144397657862492,H
2024,omn,CC,10.702166603536833,H
2024,omn,CoalSteam,1.4877778186697483,H
2024,omn,PV,5.285456822714896,H
2024,omn,Cogen,2.466,H
2025,ksa,Steam,33.7512,H
2025,ksa,GT,38.589385167156564,H
2025,ksa,CC,37.10516542018418,H
2025,ksa,CCcon,5.3790000000000004,H
2025,ksa,PV,28.457241613214144,H
2025,ksa,Cogen,14.741999999999999,H
2025,uae,Steam,1.0254526970512408,H
2025,uae,GT,8.074234616319204,H
2025,uae,CC,18.81019641055592,H
2025,uae,CCcon,0.10545,H
2025,uae,CoalSteam,4.2,H
2025,uae,Nuclear,5.6,H
2025,uae,PV,14.838451279770451,H
2025,uae,CSP,0.05,H
2025,uae,Cogen,26.39319166775032,H
2025,qat,Steam,2.9741928898389913,H
2025,qat,GT,2.8241242313452077,H
2025,qat,CC,3.4986452030206836,H
2025,qat,CCcon,0.13125,H
2025,qat,PV,7.720947599625244,H
2025,qat,Cogen,8.648148656368202,H
2025,kuw,GT,2.250593066569083,H
2025,kuw,CC,11.142288640769317,H
2025,kuw,Nuclear,0.03488304635462901,H
2025,kuw,PV,11.723882416476062,H
2025,kuw,Cogen,21.812694640596373,H
2025,bah,Steam,1.302,H
2025,bah,GT,1.629,H
2025,bah,CC,2.661766218927049,H
2025,bah,Cogen,0.28200000000000003,H
2025,omn,GT,1.0144397657862492,H
2025,omn,CC,10.702166603536833,H
2025,omn,CoalSteam,1.4877778186697483,H
2025,omn,Nuclear,0.8161318219876148,H
2025,omn,PV,5.283540446803126,H
2025,omn,Cogen,2.466,H
2026,ksa,Steam,33.7512,H
2026,ksa,GT,38.589385167156564,H
2026,ksa,CC,40.35347369889945,H
2026,ksa,CCcon,5.3790000000000004,H
2026,ksa,PV,28.278172149220964,H
2026,ksa,Cogen,14.741999999999999,H
2026,uae,Steam,1.0254526970512408,H
2026,uae,GT,8.074234616319204,H
2026,uae,CC,19.65102041622948,H
2026,uae,CCcon,0.10545,H
2026,uae,CoalSteam,4.2,H
2026,uae,Nuclear,5.6,H
2026,uae,PV,14.704905218252517,H
2026,uae,CSP,0.05,H
2026,uae,Cogen,26.39319166775032,H
2026,qat,Steam,2.9741928898389913,H
2026,qat,GT,2.8241242313452077,H
2026,qat,CC,3.7171151339492345,H
2026,qat,CCcon,0.13125,H
2026,qat,PV,7.651459071228617,H
2026,qat,Cogen,8.648148656368202,H
2026,kuw,GT,2.250593066569083,H
2026,kuw,CC,11.142288640769317,H
2026,kuw,Nuclear,1.1169124534733197,H
2026,kuw,PV,11.72190861799261,H
2026,kuw,Cogen,21.812694640596373,H
2026,bah,Steam,1.302,H
2026,bah,GT,1.629,H
2026,bah,CC,2.7001454059746215,H
2026,bah,Cogen,0.28200000000000003,H
2026,omn,GT,1.0144397657862492,H
2026,omn,CC,10.702166603536833,H
2026,omn,CoalSteam,1.4877778186697483,H
2026,omn,Nuclear,1.2412562240823188,H
2026,omn,PV,5.235988582781898,H
2026,omn,Cogen,2.466,H
2027,ksa,Steam,33.7512,H
2027,ksa,GT,38.589385167156564,H
2027,ksa,CC,45.32703116225076,H
2027,ksa,CCcon,5.3790000000000004,H
2027,ksa,PV,28.100329081851097,H
2027,ksa,Cogen,14.741999999999999,H
2027,uae,Steam,1.0254526970512408,H
2027,uae,GT,8.074234616319204,H
2027,uae,CC,21.06560037578094,H
2027,uae,CCcon,0.10545,H
2027,uae,CoalSteam,4.2,H
2027,uae,Nuclear,5.6,H
2027,uae,PV,14.572561071288243,H
2027,uae,CSP,0.05,H
2027,uae,Cogen,26.39319166775032,H
2027,qat,Steam,2.9741928898389913,H
2027,qat,GT,2.8241242313452077,H
2027,qat,CC,4.078851088237545,H
2027,qat,CCcon,0.13125,H
2027,qat,PV,7.582595939587559,H
2027,qat,Cogen,8.648148656368202,H
2027,kuw,GT,2.250593066569083,H
2027,kuw,CC,11.142288640769317,H
2027,kuw,Nuclear,2.1588392126564013,H
2027,kuw,PV,11.723269593319719,H
2027,kuw,Cogen,21.812694640596373,H
2027,bah,Steam,1.302,H
2027,bah,GT,1.629,H
2027,bah,CC,2.789405309304203,H
2027,bah,Cogen,0.28200000000000003,H
2027,omn,GT,1.0144397657862492,H
2027,omn,CC,10.702166603536833,H
2027,omn,CoalSteam,1.4877778186697483,H
2027,omn,Nuclear,1.9019605380214748,H
2027,omn,PV,5.188864685536861,H
2027,omn,Cogen,2.466,H
2028,ksa,Steam,33.7512,H
2028,ksa,GT,38.589385167156564,H
2028,ksa,CC,50.932724955366226,H
2028,ksa,CCcon,5.3790000000000004,H
2028,ksa,PV,27.923703299677694,H
2028,ksa,Cogen,14.741999999999999,H
2028,uae,Steam,1.0254526970512408,H
2028,uae,GT,8.074234616319204,H
2028,uae,CC,21.912039974655947,H
2028,uae,CCcon,0.10545,H
2028,uae,CoalSteam,4.2,H
2028,uae,Nuclear,5.6,H
2028,uae,PV,14.441408021646648,H
2028,uae,CSP,0.05,H
2028,uae,Cogen,26.39319166775032,H
2028,qat,Steam,2.9741928898389913,H
2028,qat,GT,2.8241242313452077,H
2028,qat,CC,4.828905909473035,H
2028,qat,CCcon,0.13125,H
2028,qat,PV,7.514352576131271,H
2028,qat,Cogen,8.648148656368202,H
2028,kuw,GT,2.250593066569083,H
2028,kuw,CC,11.142288640769317,H
2028,kuw,Nuclear,3.370641232396731,H
2028,kuw,PV,11.722663973043606,H
2028,kuw,Cogen,21.812694640596373,H
2028,bah,Steam,1.302,H
2028,bah,GT,1.629,H
2028,bah,CC,2.8935418796058965,H
2028,bah,Cogen,0.28200000000000003,H
2028,omn,GT,1.0144397657862492,H
2028,omn,CC,10.702166603536833,H
2028,omn,CoalSteam,1.4877778186697483,H
2028,omn,Nuclear,2.4428213908098786,H
2028,omn,PV,5.142164903367029,H
2028,omn,Cogen,2.466,H
2029,ksa,Steam,33.7512,H
2029,ksa,GT,38.589385167156564,H
2029,ksa,CC,55.743499748930205,H
2029,ksa,CCcon,5.3790000000000004,H
2029,ksa,PV,27.74828576364603,H
2029,ksa,Cogen,14.741999999999999,H
2029,uae,Steam,1.0254526970512408,H
2029,uae,GT,8.074234616319204,H
2029,uae,CC,22.8370966467989,H
2029,uae,CCcon,0.10545,H
2029,uae,CoalSteam,4.2,H
2029,uae,Nuclear,5.6,H
2029,uae,PV,14.311435349451829,H
2029,uae,CSP,0.05,H
2029,uae,Cogen,26.39319166775032,H
2029,qat,Steam,2.9741928898389913,H
2029,qat,GT,2.8241242313452077,H
2029,qat,CC,5.1220450174331,H
2029,qat,CCcon,0.13125,H
2029,qat,PV,7.446723402946089,H
2029,qat,Cogen,8.648148656368202,H
2029,kuw,GT,2.250593066569083,H
2029,kuw,CC,11.142288640769317,H
2029,kuw,Nuclear,5.395657842924376,H
2029,kuw,PV,11.721838888196567,H
2029,kuw,Cogen,21.812694640596373,H
2029,bah,Steam,1.302,H
2029,bah,GT,1.629,H
2029,bah,CC,2.9828017900842534,H
2029,bah,Cogen,0.28200000000000003,H
2029,omn,GT,1.0144397657862492,H
2029,omn,CC,10.702166603536833,H
2029,omn,CoalSteam,1.4877778186697483,H
2029,omn,Nuclear,3.416938610520316,H
2029,omn,PV,5.095885419236726,H
2029,omn,Cogen,2.4660004483761733,H
2030,ksa,Steam,33.7512,H
2030,ksa,GT,38.589385167156564,H
2030,ksa,CC,60.49203277701372,H
2030,ksa,CCcon,5.3790000000000004,H
2030,ksa,PV,27.57406750647033,H
2030,ksa,Cogen,14.741999999999999,H
2030,uae,Steam,1.0254526970512408,H
2030,uae,GT,8.074234616319204,H
2030,uae,CC,23.71306970143394,H
2030,uae,CCcon,0.10545,H
2030,uae,CoalSteam,4.2,H
2030,uae,Nuclear,5.6,H
2030,uae,PV,14.182632431306763,H
2030,uae,CSP,0.05,H
2030,uae,Cogen,26.39319166775032,H
2030,qat,Steam,2.9741928898389913,H
2030,qat,GT,2.8241242313452077,H
2030,qat,CC,5.41577080977527,H
2030,qat,CCcon,0.13125,H
2030,qat,PV,7.379702892319575,H
2030,qat,Cogen,8.648148656368202,H
2030,kuw,GT,2.250593066569083,H
2030,kuw,CC,11.142288640769317,H
2030,kuw,Nuclear,6.737326165887663,H
2030,kuw,PV,11.616342338202797,H
2030,kuw,Cogen,21.812694640596373,H
2030,bah,Steam,1.302,H
2030,bah,GT,1.629,H
2030,bah,CC,3.086938755662298,H
2030,bah,Cogen,0.28200000000000003,H
2030,omn,GT,1.0144397657862492,H
2030,omn,CC,10.702166603536833,H
2030,omn,CoalSteam,1.4877778186697483,H
2030,omn,Nuclear,3.8125861479538377,H
2030,omn,PV,5.0500224504635955,H
2030,omn,Cogen,2.4660004483761733,H
